编号,开始答题时间,结束答题时间,答题时长,1.你的性别是？,2.你的年级是？,3.你来自于：_填空1,3.你来自于：_填空2,3.你来自于：_填空3,4.你的专业类型是？,5.你目前就读的学校是？,6.你是否为上海本地人？,7.你的父母是否为上海本地人？,8.你对上海话的整体印象是？,9.你认为上海话属于一种：,10.你认为学习/会说上海话是否是一种“本地身份”的象征？,11.你对大学中开设上海话课程的态度是？,12.你是否认同“年轻一代应该会说一些上海话”？,13.你觉得上海话在现代社会中的地位是？,14.你对在公共场合听到上海话的看法是？,15.你对私人场合使用上海话交流的看法是？,16.你是否愿意为了传承文化去特意学习上海话？,17.你是否觉得学校或社会应该提供更多学习上海话的机会？,18.你是否会说上海话？,19.你能听懂上海话的程度是？,20.你与家人交流时最常用的语言是？,21.你通常在以下哪些场合使用上海话？:与家人交流,21.你通常在以下哪些场合使用上海话？:与朋友交流,21.你通常在以下哪些场合使用上海话？:在本地社区或邻里间,21.你通常在以下哪些场合使用上海话？:在工作/兼职中,21.你通常在以下哪些场合使用上海话？:基本不用,22.你使用上海话的频率是？,23.你会使用上海话发微信/社交平台信息吗？,24.你看过或听过以下哪类与上海话有关的内容？:上海话配音短视频,24.你看过或听过以下哪类与上海话有关的内容？:上海话电视剧/电影,24.你看过或听过以下哪类与上海话有关的内容？:上海话广播/音频节目,24.你看过或听过以下哪类与上海话有关的内容？:上海话学习类内容,24.你看过或听过以下哪类与上海话有关的内容？:几乎没有接触过,25.你是否关注过沪语博主（如G僧东、册那队长等）？,26.你对此类沪语视频的看法是？,27.你是否曾因不会说上海话而感到尴尬/被排斥？,28.你认为目前的语言环境是否支持上海话的使用？,语言
303,2025/4/26 10:47,2025/4/26 10:52,265,A.男,B.大二,四川,成都,青羊,A.文科,C.普通本科院校,C.否，来上海时间不满5年,C.否，来上海时间不满5年,7,B.沟通工具，实用即可,B.部分是,C.无所谓,C.不太认同,B.一般，可保留可取代,5,3,D.无所谓（请直接选择此项）,C.无所谓,3,4,C.其他方言,,,,,E.基本不用,3,1,A.上海话配音短视频,,,D.上海话学习类内容,,A.是,8,3,10,简体中文
302,2025/4/26 10:47,2025/4/26 10:50,178,A.男,C.大三,山东,青岛,黄岛,B.理科,B.211高校,C.否，来上海时间不满5年,C.否，来上海时间不满5年,7,A.地方语言，应予保护,A.是的,B.支持,B.认同,B.一般，可保留可取代,5,3,D.无所谓（请直接选择此项）,A.是,3,3,A.普通话,,,,D.在工作/兼职中,E.基本不用,2,1,,,,D.上海话学习类内容,,B.否,6,8,8,简体中文
301,2025/4/26 10:44,2025/4/26 10:46,133,A.男,E.研究生,河南,平顶山,湛河,C.工科,B.211高校,B.否，但在上海生活超过5年,C.否，来上海时间不满5年,5,B.沟通工具，实用即可,A.是的,C.无所谓,B.认同,B.一般，可保留可取代,5,3,D.无所谓（请直接选择此项）,C.无所谓,8,8,C.其他方言,,,,D.在工作/兼职中,,9,2,A.上海话配音短视频,,,D.上海话学习类内容,,A.是,6,9,7,简体中文
300,2025/4/26 10:40,2025/4/26 10:44,221,A.男,D.大四,山西,晋中,榆次,A.文科,C.普通本科院校,C.否，来上海时间不满5年,C.否，来上海时间不满5年,7,B.沟通工具，实用即可,B.部分是,B.支持,B.认同,B.一般，可保留可取代,5,5,D.无所谓（请直接选择此项）,C.无所谓,6,4,A.普通话,,,,D.在工作/兼职中,,7,1,A.上海话配音短视频,B.上海话电视剧/电影,,,,B.否,5,7,8,简体中文
299,2025/4/25 19:42,2025/4/25 19:45,189,A.男,B.大二,江西,抚州,金溪,C.工科,C.普通本科院校,C.否，来上海时间不满5年,B.否，但在上海生活超过5年,8,A.地方语言，应予保护,C.否,C.无所谓,C.不太认同,B.一般，可保留可取代,7,2,D.无所谓（请直接选择此项）,C.无所谓,5,3,A.普通话,,,C.在本地社区或邻里间,,,2,1,,B.上海话电视剧/电影,,,,B.否,7,1,3,简体中文
298,2025/4/25 18:54,2025/4/25 18:56,148,A.男,D.大四,/,上海,闵行,A.文科,A.985高校,A.是，在上海出生并长大,A.是，在上海出生并长大,7,C.方言，逐渐消失是自然现象,B.部分是,C.无所谓,C.不太认同,B.一般，可保留可取代,6,8,D.无所谓（请直接选择此项）,C.无所谓,9,10,B.上海话,A.与家人交流,,C.在本地社区或邻里间,,,10,1,A.上海话配音短视频,,C.上海话广播/音频节目,,,A.是,8,1,4,简体中文
297,2025/4/25 18:49,2025/4/25 18:50,37,A.男,B.大二,北京,北京,北京,C.工科,C.普通本科院校,C.否，来上海时间不满5年,A.是，在上海出生并长大,7,A.地方语言，应予保护,B.部分是,B.支持,B.认同,B.一般，可保留可取代,9,9,B.看情况,A.是,9,8,B.上海话,A.与家人交流,,,,,9,9,A.上海话配音短视频,,,,,A.是,8,9,8,简体中文
296,2025/4/25 18:24,2025/4/25 18:26,119,A.男,D.大四,,上海,奉贤,B.理科,B.211高校,A.是，在上海出生并长大,A.是，在上海出生并长大,10,A.地方语言，应予保护,A.是的,A.非常支持,A.非常认同,A.重要，应重视,10,10,A.愿意,A.是,10,10,B.上海话,A.与家人交流,B.与朋友交流,C.在本地社区或邻里间,D.在工作/兼职中,,10,10,A.上海话配音短视频,B.上海话电视剧/电影,C.上海话广播/音频节目,D.上海话学习类内容,,A.是,10,10,10,简体中文
295,2025/4/25 18:21,2025/4/25 18:24,171,A.男,C.大三,,上海,奉贤,A.文科,C.普通本科院校,A.是，在上海出生并长大,A.是，在上海出生并长大,10,A.地方语言，应予保护,A.是的,A.非常支持,A.非常认同,A.重要，应重视,10,10,A.愿意,A.是,10,10,B.上海话,A.与家人交流,,,,,10,10,A.上海话配音短视频,B.上海话电视剧/电影,C.上海话广播/音频节目,D.上海话学习类内容,,A.是,10,10,10,简体中文
294,2025/4/25 18:13,2025/4/25 18:16,177,A.男,A.大一,,上海,奉贤区,C.工科,A.985高校,A.是，在上海出生并长大,A.是，在上海出生并长大,10,A.地方语言，应予保护,B.部分是,B.支持,B.认同,A.重要，应重视,10,10,A.愿意,A.是,5,10,A.普通话,A.与家人交流,,,,,5,1,,B.上海话电视剧/电影,,,,B.否,8,1,6,简体中文
293,2025/4/25 17:31,2025/4/25 17:33,130,A.男,D.大四,福建,厦门,湖里,B.理科,C.普通本科院校,B.否，但在上海生活超过5年,B.否，但在上海生活超过5年,10,A.地方语言，应予保护,A.是的,A.非常支持,A.非常认同,A.重要，应重视,8,7,A.愿意,A.是,3,6,A.普通话,,,,,E.基本不用,3,3,,B.上海话电视剧/电影,C.上海话广播/音频节目,D.上海话学习类内容,,B.否,7,9,6,简体中文
292,2025/4/25 17:31,2025/4/25 17:33,110,A.男,A.大一,,上海,奉贤,C.工科,A.985高校,A.是，在上海出生并长大,A.是，在上海出生并长大,8,A.地方语言，应予保护,A.是的,B.支持,A.非常认同,A.重要，应重视,10,8,B.看情况,A.是,5,8,A.普通话,,,,,E.基本不用,2,4,A.上海话配音短视频,B.上海话电视剧/电影,C.上海话广播/音频节目,,,A.是,7,3,7,简体中文
291,2025/4/25 17:20,2025/4/25 17:22,105,A.男,A.大一,,上海,奉贤,A.文科,B.211高校,A.是，在上海出生并长大,A.是，在上海出生并长大,10,A.地方语言，应予保护,A.是的,C.无所谓,B.认同,B.一般，可保留可取代,5,5,D.无所谓（请直接选择此项）,C.无所谓,8,9,A.普通话,A.与家人交流,,,,,3,1,A.上海话配音短视频,,,,,B.否,5,1,5,简体中文
290,2025/4/25 11:56,2025/4/25 12:01,287,A.男,D.大四,,上海,奉贤,A.文科,A.985高校,A.是，在上海出生并长大,A.是，在上海出生并长大,10,A.地方语言，应予保护,C.否,B.支持,A.非常认同,B.一般，可保留可取代,5,10,B.看情况,A.是,5,7,B.上海话,A.与家人交流,B.与朋友交流,C.在本地社区或邻里间,,,10,10,A.上海话配音短视频,,C.上海话广播/音频节目,,,A.是,9,5,7,简体中文
289,2025/4/25 10:10,2025/4/25 10:12,69,A.男,B.大二,江苏,南京,高淳,B.理科,B.211高校,C.否，来上海时间不满5年,B.否，但在上海生活超过5年,6,B.沟通工具，实用即可,B.部分是,B.支持,C.不太认同,B.一般，可保留可取代,7,6,B.看情况,A.是,8,8,A.普通话,A.与家人交流,,,,,5,5,,,C.上海话广播/音频节目,,,B.否,5,5,6,简体中文
288,2025/4/24 22:18,2025/4/24 22:20,116,B.女,D.大四,上海,上海,闵行,D.医科,A.985高校,A.是，在上海出生并长大,A.是，在上海出生并长大,10,A.地方语言，应予保护,C.否,A.非常支持,A.非常认同,A.重要，应重视,10,10,A.愿意,A.是,8,10,A.普通话,A.与家人交流,,C.在本地社区或邻里间,D.在工作/兼职中,,5,4,A.上海话配音短视频,B.上海话电视剧/电影,,,,A.是,6,3,8,简体中文
287,2025/4/24 22:08,2025/4/24 22:13,303,A.男,D.大四,广西,南宁,兴宁,F.艺术类,C.普通本科院校,C.否，来上海时间不满5年,C.否，来上海时间不满5年,5,B.沟通工具，实用即可,B.部分是,B.支持,B.认同,B.一般，可保留可取代,5,5,B.看情况,A.是,2,7,A.普通话,,,,,E.基本不用,1,1,,B.上海话电视剧/电影,C.上海话广播/音频节目,D.上海话学习类内容,,B.否,5,2,7,简体中文
286,2025/4/24 22:06,2025/4/24 22:10,219,A.男,E.研究生,北京,北京,海淀,E.社科,B.211高校,B.否，但在上海生活超过5年,C.否，来上海时间不满5年,7,B.沟通工具，实用即可,B.部分是,C.无所谓,C.不太认同,B.一般，可保留可取代,6,8,D.无所谓（请直接选择此项）,C.无所谓,4,6,A.普通话,A.与家人交流,B.与朋友交流,C.在本地社区或邻里间,,,4,3,A.上海话配音短视频,B.上海话电视剧/电影,,,,A.是,6,5,4,简体中文
285,2025/4/24 22:00,2025/4/24 22:03,152,A.男,C.大三,江苏,南京,江陵,B.理科,C.普通本科院校,C.否，来上海时间不满5年,C.否，来上海时间不满5年,5,A.地方语言，应予保护,A.是的,B.支持,C.不太认同,B.一般，可保留可取代,5,7,B.看情况,B.否,2,1,A.普通话,,,,,E.基本不用,1,1,A.上海话配音短视频,,,,,B.否,4,1,5,简体中文
284,2025/4/24 21:57,2025/4/24 22:01,239,A.男,A.大一,湖北,武汉,江汉,E.社科,B.211高校,C.否，来上海时间不满5年,C.否，来上海时间不满5年,7,A.地方语言，应予保护,B.部分是,A.非常支持,A.非常认同,A.重要，应重视,6,9,B.看情况,A.是,0,5,A.普通话,,,,D.在工作/兼职中,E.基本不用,3,4,A.上海话配音短视频,B.上海话电视剧/电影,,D.上海话学习类内容,,A.是,7,6,3,简体中文
283,2025/4/24 21:54,2025/4/24 21:57,176,A.男,C.大三,江西,上饶,信州,A.文科,C.普通本科院校,C.否，来上海时间不满5年,C.否，来上海时间不满5年,7,A.地方语言，应予保护,B.部分是,C.无所谓,B.认同,A.重要，应重视,7,6,D.无所谓（请直接选择此项）,C.无所谓,6,6,A.普通话,,,,,E.基本不用,4,2,A.上海话配音短视频,B.上海话电视剧/电影,,,,B.否,6,7,4,简体中文
282,2025/4/24 21:55,2025/4/24 21:57,134,A.男,E.研究生,湖南,娄底市,新化,D.医科,A.985高校,B.否，但在上海生活超过5年,C.否，来上海时间不满5年,6,A.地方语言，应予保护,A.是的,C.无所谓,C.不太认同,B.一般，可保留可取代,5,3,C.不愿意,C.无所谓,0,1,C.其他方言,,,,,E.基本不用,1,1,,,,,E.几乎没有接触过,B.否,1,5,6,简体中文
281,2025/4/24 21:54,2025/4/24 21:57,151,A.男,D.大四,福建,厦门,思明,A.文科,C.普通本科院校,B.否，但在上海生活超过5年,B.否，但在上海生活超过5年,8,A.地方语言，应予保护,B.部分是,B.支持,A.非常认同,A.重要，应重视,8,8,A.愿意,A.是,5,5,C.其他方言,,,,D.在工作/兼职中,,5,2,A.上海话配音短视频,B.上海话电视剧/电影,C.上海话广播/音频节目,D.上海话学习类内容,,A.是,7,5,5,简体中文
280,2025/4/24 21:09,2025/4/24 21:11,82,B.女,D.大四,,上海,浦东新区,F.艺术类,A.985高校,A.是，在上海出生并长大,A.是，在上海出生并长大,10,B.沟通工具，实用即可,B.部分是,A.非常支持,A.非常认同,A.重要，应重视,10,10,B.看情况,C.无所谓,9,10,A.普通话,A.与家人交流,,C.在本地社区或邻里间,,,10,4,A.上海话配音短视频,B.上海话电视剧/电影,C.上海话广播/音频节目,,,A.是,7,3,9,简体中文
279,2025/4/24 14:37,2025/4/24 14:38,53,A.男,A.大一,广东,广州,,D.医科,D.高职高专,C.否，来上海时间不满5年,B.否，但在上海生活超过5年,8,A.地方语言，应予保护,B.部分是,A.非常支持,A.非常认同,B.一般，可保留可取代,8,7,B.看情况,A.是,8,7,A.普通话,,B.与朋友交流,,,,8,8,,B.上海话电视剧/电影,,,,B.否,8,8,7,简体中文
278,2025/4/24 13:34,2025/4/24 13:52,1106,A.男,D.大四,新疆,乌鲁木齐,米泉,B.理科,C.普通本科院校,B.否，但在上海生活超过5年,C.否，来上海时间不满5年,6,B.沟通工具，实用即可,C.否,B.支持,B.认同,B.一般，可保留可取代,8,5,D.无所谓（请直接选择此项）,A.是,1,2,A.普通话,,,,,E.基本不用,1,1,,,C.上海话广播/音频节目,,,B.否,6,1,5,简体中文
277,2025/4/24 13:21,2025/4/24 13:25,222,A.男,C.大三,黑龙江,哈尔滨,南岗,G.其他,C.普通本科院校,C.否，来上海时间不满5年,C.否，来上海时间不满5年,8,A.地方语言，应予保护,B.部分是,B.支持,B.认同,A.重要，应重视,6,5,A.愿意,A.是,2,4,A.普通话,,,,,E.基本不用,2,2,A.上海话配音短视频,B.上海话电视剧/电影,,,,A.是,5,3,5,简体中文
276,2025/4/24 13:14,2025/4/24 13:17,162,A.男,D.大四,安徽省,合肥市,肥东,C.工科,A.985高校,B.否，但在上海生活超过5年,B.否，但在上海生活超过5年,5,B.沟通工具，实用即可,B.部分是,D.反对,A.非常认同,B.一般，可保留可取代,5,5,C.不愿意,B.否,0,4,A.普通话,,,,,E.基本不用,1,1,A.上海话配音短视频,B.上海话电视剧/电影,C.上海话广播/音频节目,D.上海话学习类内容,,B.否,7,7,1,简体中文
275,2025/4/24 12:01,2025/4/24 12:03,125,A.男,C.大三,浙江,台州,椒江,A.文科,A.985高校,C.否，来上海时间不满5年,C.否，来上海时间不满5年,7,A.地方语言，应予保护,B.部分是,B.支持,B.认同,A.重要，应重视,7,8,B.看情况,B.否,5,7,C.其他方言,,,,,E.基本不用,2,2,A.上海话配音短视频,,,,,A.是,8,2,7,简体中文
274,2025/4/24 10:33,2025/4/24 10:34,83,B.女,D.大四,,上海,宝山,A.文科,C.普通本科院校,A.是，在上海出生并长大,A.是，在上海出生并长大,10,A.地方语言，应予保护,A.是的,A.非常支持,A.非常认同,A.重要，应重视,10,10,A.愿意,A.是,7,8,B.上海话,A.与家人交流,B.与朋友交流,C.在本地社区或邻里间,,,7,4,A.上海话配音短视频,,,,,A.是,10,4,2,简体中文
273,2025/4/24 09:50,2025/4/24 09:52,122,B.女,C.大三,,上海,浦东新区,D.医科,E.其他,A.是，在上海出生并长大,A.是，在上海出生并长大,10,C.方言，逐渐消失是自然现象,B.部分是,A.非常支持,A.非常认同,A.重要，应重视,9,10,D.无所谓（请直接选择此项）,A.是,8,10,A.普通话,A.与家人交流,B.与朋友交流,,,,6,2,A.上海话配音短视频,B.上海话电视剧/电影,,D.上海话学习类内容,,A.是,9,1,7,简体中文
272,2025/4/24 08:22,2025/4/24 08:26,221,A.男,D.大四,河南,郑州,中原,C.工科,C.普通本科院校,C.否，来上海时间不满5年,C.否，来上海时间不满5年,7,B.沟通工具，实用即可,B.部分是,C.无所谓,B.认同,B.一般，可保留可取代,7,8,D.无所谓（请直接选择此项）,C.无所谓,0,2,C.其他方言,,,,,E.基本不用,1,1,A.上海话配音短视频,B.上海话电视剧/电影,,,,B.否,7,2,5,简体中文
271,2025/4/23 23:43,2025/4/23 23:45,106,A.男,C.大三,河北,保底,蠡县,A.文科,C.普通本科院校,C.否，来上海时间不满5年,C.否，来上海时间不满5年,5,D.无所谓,C.否,C.无所谓,B.认同,B.一般，可保留可取代,5,5,D.无所谓（请直接选择此项）,C.无所谓,0,1,C.其他方言,,,,,E.基本不用,1,1,A.上海话配音短视频,,,,E.几乎没有接触过,B.否,7,7,7,简体中文
270,2025/4/23 22:45,2025/4/23 22:47,143,A.男,C.大三,湖南,长沙,芙蓉,B.理科,C.普通本科院校,B.否，但在上海生活超过5年,B.否，但在上海生活超过5年,7,A.地方语言，应予保护,B.部分是,B.支持,B.认同,A.重要，应重视,6,6,B.看情况,A.是,4,7,C.其他方言,,,C.在本地社区或邻里间,,,6,7,A.上海话配音短视频,B.上海话电视剧/电影,,,,A.是,7,6,7,简体中文
269,2025/4/23 22:44,2025/4/23 22:46,80,A.男,A.大一,山东,临沂,兰山,A.文科,D.高职高专,A.是，在上海出生并长大,B.否，但在上海生活超过5年,9,A.地方语言，应予保护,A.是的,A.非常支持,A.非常认同,A.重要，应重视,10,10,A.愿意,A.是,10,10,A.普通话,A.与家人交流,,,,,10,10,A.上海话配音短视频,,,,,A.是,10,10,10,简体中文
268,2025/4/23 22:42,2025/4/23 22:45,147,A.男,D.大四,河南,南阳,卧龙,A.文科,C.普通本科院校,C.否，来上海时间不满5年,C.否，来上海时间不满5年,9,A.地方语言，应予保护,B.部分是,B.支持,B.认同,A.重要，应重视,9,9,A.愿意,A.是,2,3,C.其他方言,,,,D.在工作/兼职中,,3,1,,B.上海话电视剧/电影,,,,B.否,7,1,9,简体中文
267,2025/4/23 22:37,2025/4/23 22:38,108,B.女,E.研究生,甘肃,兰州,西固,A.文科,A.985高校,C.否，来上海时间不满5年,C.否，来上海时间不满5年,6,A.地方语言，应予保护,A.是的,B.支持,B.认同,A.重要，应重视,7,7,A.愿意,A.是,8,3,C.其他方言,,B.与朋友交流,,,E.基本不用,2,2,,B.上海话电视剧/电影,C.上海话广播/音频节目,D.上海话学习类内容,,B.否,6,3,10,简体中文
266,2025/4/23 19:05,2025/4/23 19:07,111,A.男,C.大三,上海,上海,嘉定,C.工科,A.985高校,A.是，在上海出生并长大,A.是，在上海出生并长大,10,A.地方语言，应予保护,A.是的,A.非常支持,A.非常认同,A.重要，应重视,10,10,D.无所谓（请直接选择此项）,A.是,10,10,B.上海话,A.与家人交流,,,,,10,3,A.上海话配音短视频,B.上海话电视剧/电影,C.上海话广播/音频节目,,,B.否,8,1,2,简体中文
265,2025/4/23 17:17,2025/4/23 17:20,181,A.男,C.大三,重庆,重庆,九龙坡,A.文科,A.985高校,C.否，来上海时间不满5年,C.否，来上海时间不满5年,2,C.方言，逐渐消失是自然现象,B.部分是,D.反对,D.完全不认同,C.不重要,2,3,D.无所谓（请直接选择此项）,B.否,0,2,A.普通话,,,,,E.基本不用,1,1,,,,,E.几乎没有接触过,B.否,2,6,5,简体中文
264,2025/4/23 16:23,2025/4/23 16:26,159,A.男,D.大四,四川,成都,武侯,A.文科,A.985高校,C.否，来上海时间不满5年,C.否，来上海时间不满5年,7,A.地方语言，应予保护,B.部分是,C.无所谓,B.认同,A.重要，应重视,7,7,D.无所谓（请直接选择此项）,C.无所谓,0,3,C.其他方言,,,,,E.基本不用,1,1,A.上海话配音短视频,,,,,A.是,7,1,6,简体中文
263,2025/4/23 16:22,2025/4/23 16:24,88,A.男,D.大四,,上海,奉贤,A.文科,C.普通本科院校,A.是，在上海出生并长大,A.是，在上海出生并长大,10,A.地方语言，应予保护,A.是的,A.非常支持,A.非常认同,A.重要，应重视,10,10,A.愿意,A.是,10,10,B.上海话,A.与家人交流,B.与朋友交流,C.在本地社区或邻里间,,,10,8,A.上海话配音短视频,B.上海话电视剧/电影,C.上海话广播/音频节目,D.上海话学习类内容,,B.否,9,1,10,简体中文
262,2025/4/23 16:03,2025/4/23 16:06,155,A.男,D.大四,上海,上海,奉贤,E.社科,A.985高校,A.是，在上海出生并长大,A.是，在上海出生并长大,10,A.地方语言，应予保护,C.否,A.非常支持,A.非常认同,A.重要，应重视,8,10,D.无所谓（请直接选择此项）,A.是,9,10,B.上海话,A.与家人交流,,,,,9,1,,B.上海话电视剧/电影,,,,B.否,6,1,5,简体中文
261,2025/4/23 15:02,2025/4/23 15:04,143,B.女,C.大三,浙江,温州,瑞安,A.文科,A.985高校,C.否，来上海时间不满5年,C.否，来上海时间不满5年,7,A.地方语言，应予保护,C.否,C.无所谓,B.认同,B.一般，可保留可取代,6,6,D.无所谓（请直接选择此项）,C.无所谓,0,4,C.其他方言,,,,,E.基本不用,1,1,A.上海话配音短视频,,,,,A.是,7,1,3,简体中文
260,2025/4/23 14:53,2025/4/23 14:54,56,A.男,E.研究生,上海,上海,奉贤,A.文科,C.普通本科院校,A.是，在上海出生并长大,A.是，在上海出生并长大,8,A.地方语言，应予保护,C.否,A.非常支持,A.非常认同,A.重要，应重视,8,8,A.愿意,A.是,8,10,A.普通话,A.与家人交流,B.与朋友交流,C.在本地社区或邻里间,D.在工作/兼职中,,7,7,A.上海话配音短视频,B.上海话电视剧/电影,,,,A.是,8,7,7,简体中文
259,2025/4/23 14:44,2025/4/23 14:48,198,B.女,A.大一,上海,上海,普陀,A.文科,A.985高校,A.是，在上海出生并长大,A.是，在上海出生并长大,8,A.地方语言，应予保护,A.是的,B.支持,B.认同,D.难说,8,6,D.无所谓（请直接选择此项）,A.是,7,8,B.上海话,A.与家人交流,,C.在本地社区或邻里间,,,7,2,A.上海话配音短视频,B.上海话电视剧/电影,C.上海话广播/音频节目,,,A.是,8,2,7,简体中文
258,2025/4/23 14:44,2025/4/23 14:45,88,B.女,E.研究生,山东,,,B.理科,A.985高校,B.否，但在上海生活超过5年,C.否，来上海时间不满5年,1,C.方言，逐渐消失是自然现象,C.否,D.反对,D.完全不认同,C.不重要,1,5,C.不愿意,B.否,0,1,C.其他方言,,,,,E.基本不用,1,1,,,,,E.几乎没有接触过,B.否,4,3,2,简体中文
257,2025/4/23 14:09,2025/4/23 14:12,177,A.男,C.大三,四川,绵阳,安州,B.理科,A.985高校,C.否，来上海时间不满5年,C.否，来上海时间不满5年,5,D.无所谓,A.是的,C.无所谓,C.不太认同,C.不重要,4,5,D.无所谓（请直接选择此项）,C.无所谓,0,1,C.其他方言,,,,,E.基本不用,1,1,A.上海话配音短视频,,,D.上海话学习类内容,,B.否,5,3,1,简体中文
256,2025/4/23 14:02,2025/4/23 14:05,206,A.男,C.大三,上海,上海,浦东新区,B.理科,A.985高校,A.是，在上海出生并长大,A.是，在上海出生并长大,7,B.沟通工具，实用即可,B.部分是,C.无所谓,B.认同,A.重要，应重视,8,10,D.无所谓（请直接选择此项）,A.是,7,10,A.普通话,,,,,E.基本不用,2,2,A.上海话配音短视频,B.上海话电视剧/电影,C.上海话广播/音频节目,D.上海话学习类内容,,A.是,7,1,8,简体中文
255,2025/4/23 11:31,2025/4/23 13:38,7653,B.女,D.大四,广西,桂林,全州,C.工科,A.985高校,C.否，来上海时间不满5年,C.否，来上海时间不满5年,5,B.沟通工具，实用即可,B.部分是,C.无所谓,B.认同,B.一般，可保留可取代,5,5,D.无所谓（请直接选择此项）,C.无所谓,0,1,D.外语,,,,,E.基本不用,1,1,A.上海话配音短视频,,,,,A.是,7,1,5,简体中文
254,2025/4/23 13:18,2025/4/23 13:20,123,B.女,E.研究生,安徽省,铜陵市,枞阳县,B.理科,A.985高校,B.否，但在上海生活超过5年,C.否，来上海时间不满5年,6,A.地方语言，应予保护,C.否,B.支持,B.认同,B.一般，可保留可取代,6,4,D.无所谓（请直接选择此项）,C.无所谓,1,3,A.普通话,,,,,E.基本不用,2,1,A.上海话配音短视频,,,,,A.是,7,1,2,简体中文
253,2025/4/23 13:07,2025/4/23 13:10,180,A.男,E.研究生,浙江,温州,瑞安,C.工科,A.985高校,C.否，来上海时间不满5年,C.否，来上海时间不满5年,6,B.沟通工具，实用即可,A.是的,C.无所谓,C.不太认同,B.一般，可保留可取代,5,5,C.不愿意,A.是,1,1,C.其他方言,,,,,E.基本不用,1,1,A.上海话配音短视频,,,,,B.否,6,1,4,简体中文
252,2025/4/23 11:38,2025/4/23 11:40,95,B.女,D.大四,安徽,安庆,怀宁,B.理科,A.985高校,B.否，但在上海生活超过5年,C.否，来上海时间不满5年,5,A.地方语言，应予保护,C.否,C.无所谓,C.不太认同,B.一般，可保留可取代,5,5,D.无所谓（请直接选择此项）,C.无所谓,0,1,C.其他方言,,,,,E.基本不用,1,1,,,,,E.几乎没有接触过,B.否,4,1,1,简体中文
251,2025/4/23 11:31,2025/4/23 11:33,100,B.女,C.大三,上海,上海,嘉定,A.文科,A.985高校,A.是，在上海出生并长大,A.是，在上海出生并长大,6,B.沟通工具，实用即可,B.部分是,C.无所谓,A.非常认同,B.一般，可保留可取代,5,6,B.看情况,A.是,7,8,A.普通话,A.与家人交流,,,,,6,2,A.上海话配音短视频,,C.上海话广播/音频节目,,,B.否,5,1,6,简体中文
250,2025/4/23 10:28,2025/4/23 10:32,240,A.男,D.大四,安徽,合肥,蜀山,A.文科,C.普通本科院校,C.否，来上海时间不满5年,B.否，但在上海生活超过5年,8,A.地方语言，应予保护,A.是的,B.支持,B.认同,A.重要，应重视,7,9,A.愿意,A.是,7,7,C.其他方言,,B.与朋友交流,C.在本地社区或邻里间,,,7,5,A.上海话配音短视频,B.上海话电视剧/电影,C.上海话广播/音频节目,D.上海话学习类内容,,A.是,8,5,8,简体中文
249,2025/4/23 10:26,2025/4/23 10:28,98,A.男,E.研究生,河南,安阳,滑,B.理科,A.985高校,B.否，但在上海生活超过5年,C.否，来上海时间不满5年,7,A.地方语言，应予保护,C.否,C.无所谓,C.不太认同,B.一般，可保留可取代,7,7,B.看情况,C.无所谓,1,2,C.其他方言,,,,,E.基本不用,1,1,,,,,E.几乎没有接触过,B.否,5,1,1,简体中文
248,2025/4/23 09:56,2025/4/23 09:59,184,A.男,B.大二,新疆,乌鲁木齐,经济技术开发,A.文科,C.普通本科院校,C.否，来上海时间不满5年,C.否，来上海时间不满5年,5,C.方言，逐渐消失是自然现象,A.是的,D.反对,B.认同,B.一般，可保留可取代,6,6,D.无所谓（请直接选择此项）,C.无所谓,5,6,A.普通话,,,,,E.基本不用,2,1,,,,,E.几乎没有接触过,B.否,5,7,5,简体中文
247,2025/4/23 09:18,2025/4/23 09:22,199,A.男,D.大四,上海,上海,奉贤,A.文科,C.普通本科院校,A.是，在上海出生并长大,A.是，在上海出生并长大,10,A.地方语言，应予保护,A.是的,A.非常支持,A.非常认同,A.重要，应重视,10,10,A.愿意,A.是,8,9,B.上海话,A.与家人交流,B.与朋友交流,C.在本地社区或邻里间,D.在工作/兼职中,,9,1,,,,D.上海话学习类内容,,B.否,10,1,10,简体中文
246,2025/4/23 09:17,2025/4/23 09:20,140,A.男,E.研究生,浙江,舟山,嵊泗,B.理科,B.211高校,C.否，来上海时间不满5年,C.否，来上海时间不满5年,8,A.地方语言，应予保护,B.部分是,B.支持,B.认同,B.一般，可保留可取代,8,9,B.看情况,B.否,8,8,C.其他方言,,,,,E.基本不用,2,2,A.上海话配音短视频,,,,,B.否,9,1,8,简体中文
245,2025/4/23 08:51,2025/4/23 08:54,134,B.女,E.研究生,辽宁,大连,金普新,B.理科,A.985高校,C.否，来上海时间不满5年,C.否，来上海时间不满5年,5,D.无所谓,B.部分是,C.无所谓,B.认同,B.一般，可保留可取代,5,5,D.无所谓（请直接选择此项）,C.无所谓,1,2,A.普通话,,,,,E.基本不用,1,1,A.上海话配音短视频,B.上海话电视剧/电影,,,,A.是,7,1,5,简体中文
244,2025/4/23 08:17,2025/4/23 08:18,77,B.女,E.研究生,,上海,,A.文科,A.985高校,A.是，在上海出生并长大,A.是，在上海出生并长大,9,A.地方语言，应予保护,A.是的,B.支持,A.非常认同,A.重要，应重视,10,10,A.愿意,A.是,7,10,B.上海话,A.与家人交流,,C.在本地社区或邻里间,,,10,2,A.上海话配音短视频,,C.上海话广播/音频节目,,,B.否,4,1,2,简体中文
243,2025/4/23 01:43,2025/4/23 01:51,460,B.女,E.研究生,河南省,郑州市,,B.理科,A.985高校,B.否，但在上海生活超过5年,C.否，来上海时间不满5年,5,B.沟通工具，实用即可,B.部分是,C.无所谓,C.不太认同,B.一般，可保留可取代,5,5,C.不愿意,B.否,0,1,A.普通话,,,,,E.基本不用,1,1,,,,,E.几乎没有接触过,B.否,5,9,5,简体中文
242,2025/4/22 23:45,2025/4/22 23:46,106,B.女,D.大四,上海,上海,宝山,B.理科,A.985高校,A.是，在上海出生并长大,A.是，在上海出生并长大,10,A.地方语言，应予保护,A.是的,B.支持,B.认同,A.重要，应重视,9,9,A.愿意,A.是,6,9,A.普通话,A.与家人交流,,,,,3,2,A.上海话配音短视频,B.上海话电视剧/电影,C.上海话广播/音频节目,,,A.是,8,1,2,简体中文
241,2025/4/22 23:25,2025/4/22 23:28,165,B.女,E.研究生,河南,洛阳,涧西,B.理科,A.985高校,C.否，来上海时间不满5年,C.否，来上海时间不满5年,6,A.地方语言，应予保护,B.部分是,C.无所谓,B.认同,B.一般，可保留可取代,5,3,D.无所谓（请直接选择此项）,B.否,0,3,A.普通话,,,,,E.基本不用,1,1,A.上海话配音短视频,,,,,A.是,7,2,7,简体中文
240,2025/4/22 22:46,2025/4/22 22:49,131,B.女,C.大三,上海,上海,杨浦,C.工科,A.985高校,C.否，来上海时间不满5年,C.否，来上海时间不满5年,7,A.地方语言，应予保护,A.是的,C.无所谓,C.不太认同,B.一般，可保留可取代,6,6,D.无所谓（请直接选择此项）,C.无所谓,2,2,A.普通话,,,,,E.基本不用,1,1,A.上海话配音短视频,B.上海话电视剧/电影,,,,B.否,5,3,7,简体中文
239,2025/4/22 22:00,2025/4/22 22:02,102,B.女,A.大一,上海,上海,嘉定,A.文科,A.985高校,B.否，但在上海生活超过5年,B.否，但在上海生活超过5年,8,A.地方语言，应予保护,C.否,B.支持,B.认同,A.重要，应重视,8,8,B.看情况,A.是,2,6,A.普通话,,,,,E.基本不用,1,1,,,,,E.几乎没有接触过,B.否,3,1,6,简体中文
238,2025/4/22 21:08,2025/4/22 21:10,101,B.女,C.大三,山东,威海,环翠,C.工科,A.985高校,C.否，来上海时间不满5年,C.否，来上海时间不满5年,7,B.沟通工具，实用即可,B.部分是,C.无所谓,C.不太认同,B.一般，可保留可取代,5,5,D.无所谓（请直接选择此项）,B.否,5,5,A.普通话,,,,,E.基本不用,4,4,,,,,E.几乎没有接触过,B.否,5,1,5,简体中文
237,2025/4/22 20:52,2025/4/22 20:55,154,A.男,E.研究生,四川,南充,顺庆,D.医科,A.985高校,B.否，但在上海生活超过5年,C.否，来上海时间不满5年,7,B.沟通工具，实用即可,A.是的,A.非常支持,B.认同,B.一般，可保留可取代,6,7,B.看情况,A.是,2,4,C.其他方言,,,,,E.基本不用,2,1,A.上海话配音短视频,,C.上海话广播/音频节目,D.上海话学习类内容,,A.是,7,5,5,简体中文
236,2025/4/22 20:51,2025/4/22 20:53,117,A.男,D.大四,江西,南昌,新建,C.工科,A.985高校,C.否，来上海时间不满5年,C.否，来上海时间不满5年,5,C.方言，逐渐消失是自然现象,C.否,C.无所谓,C.不太认同,B.一般，可保留可取代,5,5,D.无所谓（请直接选择此项）,B.否,0,1,C.其他方言,,,,,E.基本不用,1,1,,,,,E.几乎没有接触过,B.否,5,1,1,简体中文
235,2025/4/22 20:49,2025/4/22 20:51,108,B.女,E.研究生,江苏,苏州市,虎丘,C.工科,A.985高校,C.否，来上海时间不满5年,C.否，来上海时间不满5年,5,B.沟通工具，实用即可,B.部分是,D.反对,C.不太认同,B.一般，可保留可取代,5,8,C.不愿意,B.否,7,8,C.其他方言,,,,,E.基本不用,1,1,,,,,E.几乎没有接触过,A.是,6,5,7,简体中文
234,2025/4/22 20:42,2025/4/22 20:46,185,C.其他,D.大四,上海,上海,宝山,A.文科,A.985高校,A.是，在上海出生并长大,A.是，在上海出生并长大,4,B.沟通工具，实用即可,B.部分是,C.无所谓,C.不太认同,B.一般，可保留可取代,3,7,C.不愿意,A.是,1,7,A.普通话,,,,,E.基本不用,1,1,A.上海话配音短视频,B.上海话电视剧/电影,C.上海话广播/音频节目,,,B.否,5,6,8,简体中文
233,2025/4/22 20:42,2025/4/22 20:45,160,B.女,D.大四,,上海,虹口,A.文科,A.985高校,A.是，在上海出生并长大,B.否，但在上海生活超过5年,10,A.地方语言，应予保护,A.是的,A.非常支持,A.非常认同,B.一般，可保留可取代,10,10,A.愿意,A.是,10,10,A.普通话,A.与家人交流,,,,,6,1,,,,,E.几乎没有接触过,A.是,8,8,10,简体中文
232,2025/4/22 20:43,2025/4/22 20:45,117,B.女,E.研究生,江苏,南通,如皋,A.文科,A.985高校,C.否，来上海时间不满5年,C.否，来上海时间不满5年,7,A.地方语言，应予保护,B.部分是,B.支持,C.不太认同,B.一般，可保留可取代,6,6,B.看情况,C.无所谓,0,3,C.其他方言,,,,,E.基本不用,1,1,A.上海话配音短视频,,C.上海话广播/音频节目,D.上海话学习类内容,,B.否,6,2,4,简体中文
231,2025/4/22 19:14,2025/4/22 19:17,159,A.男,D.大四,上海,上海,奉贤,E.社科,A.985高校,A.是，在上海出生并长大,A.是，在上海出生并长大,7,A.地方语言，应予保护,A.是的,B.支持,B.认同,B.一般，可保留可取代,5,7,B.看情况,C.无所谓,6,8,A.普通话,A.与家人交流,B.与朋友交流,,,E.基本不用,4,2,A.上海话配音短视频,,,,,A.是,8,3,5,简体中文
230,2025/4/22 19:01,2025/4/22 19:03,97,A.男,B.大二,上海,上海,奉贤,C.工科,A.985高校,A.是，在上海出生并长大,A.是，在上海出生并长大,5,B.沟通工具，实用即可,A.是的,C.无所谓,C.不太认同,B.一般，可保留可取代,6,8,B.看情况,B.否,5,7,A.普通话,,,,,E.基本不用,2,1,,,C.上海话广播/音频节目,,,B.否,5,3,5,简体中文
229,2025/4/22 18:36,2025/4/22 18:39,228,A.男,D.大四,上海,上海,奉贤,B.理科,A.985高校,A.是，在上海出生并长大,A.是，在上海出生并长大,8,A.地方语言，应予保护,B.部分是,B.支持,A.非常认同,A.重要，应重视,9,10,D.无所谓（请直接选择此项）,A.是,7,10,A.普通话,,,,,E.基本不用,8,4,A.上海话配音短视频,B.上海话电视剧/电影,C.上海话广播/音频节目,,,A.是,9,1,3,简体中文
228,2025/4/22 18:33,2025/4/22 18:37,225,A.男,B.大二,上海,上海,奉贤,B.理科,B.211高校,A.是，在上海出生并长大,A.是，在上海出生并长大,10,A.地方语言，应予保护,A.是的,A.非常支持,B.认同,B.一般，可保留可取代,7,10,A.愿意,A.是,8,10,A.普通话,A.与家人交流,,C.在本地社区或邻里间,,,4,2,A.上海话配音短视频,B.上海话电视剧/电影,C.上海话广播/音频节目,D.上海话学习类内容,,A.是,9,1,4,简体中文
227,2025/4/22 18:27,2025/4/22 18:32,278,A.男,A.大一,四川,成都,锦江,A.文科,A.985高校,C.否，来上海时间不满5年,C.否，来上海时间不满5年,8,C.方言，逐渐消失是自然现象,C.否,C.无所谓,C.不太认同,C.不重要,6,4,D.无所谓（请直接选择此项）,B.否,0,3,A.普通话,,,,,E.基本不用,1,1,,,,,E.几乎没有接触过,B.否,4,1,6,简体中文
226,2025/4/22 18:30,2025/4/22 18:32,73,A.男,D.大四,福建,厦门,思明,A.文科,A.985高校,C.否，来上海时间不满5年,C.否，来上海时间不满5年,7,A.地方语言，应予保护,B.部分是,B.支持,A.非常认同,A.重要，应重视,10,3,A.愿意,A.是,2,5,A.普通话,,,,,E.基本不用,1,1,A.上海话配音短视频,B.上海话电视剧/电影,,,,A.是,10,2,2,简体中文
225,2025/4/22 18:25,2025/4/22 18:26,84,B.女,A.大一,山东,东营,利津,B.理科,A.985高校,C.否，来上海时间不满5年,C.否，来上海时间不满5年,3,A.地方语言，应予保护,A.是的,C.无所谓,B.认同,A.重要，应重视,5,10,D.无所谓（请直接选择此项）,A.是,0,1,C.其他方言,,,,,E.基本不用,1,1,,,,,E.几乎没有接触过,B.否,5,7,1,简体中文
224,2025/4/22 17:57,2025/4/22 17:59,121,B.女,C.大三,上海,上海,闵行,A.文科,A.985高校,A.是，在上海出生并长大,A.是，在上海出生并长大,10,A.地方语言，应予保护,A.是的,A.非常支持,A.非常认同,A.重要，应重视,9,10,D.无所谓（请直接选择此项）,A.是,9,9,B.上海话,A.与家人交流,,C.在本地社区或邻里间,,,6,6,A.上海话配音短视频,B.上海话电视剧/电影,,,,A.是,9,7,2,简体中文
223,2025/4/22 17:55,2025/4/22 17:57,97,B.女,B.大二,江苏,连云港,海州区,A.文科,A.985高校,C.否，来上海时间不满5年,C.否，来上海时间不满5年,5,A.地方语言，应予保护,A.是的,C.无所谓,C.不太认同,B.一般，可保留可取代,5,4,D.无所谓（请直接选择此项）,C.无所谓,0,1,A.普通话,,,,,E.基本不用,1,1,,,,,E.几乎没有接触过,B.否,5,1,5,简体中文
222,2025/4/22 17:53,2025/4/22 17:53,39,A.男,C.大三,山东省,泰安新泰市,莱山区,B.理科,D.高职高专,B.否，但在上海生活超过5年,B.否，但在上海生活超过5年,7,A.地方语言，应予保护,C.否,B.支持,C.不太认同,B.一般，可保留可取代,6,7,D.无所谓（请直接选择此项）,B.否,6,7,A.普通话,,,C.在本地社区或邻里间,,,4,8,A.上海话配音短视频,,,,,A.是,7,4,6,简体中文
221,2025/4/22 17:08,2025/4/22 17:09,63,A.男,C.大三,上海,,,A.文科,C.普通本科院校,A.是，在上海出生并长大,A.是，在上海出生并长大,9,A.地方语言，应予保护,A.是的,C.无所谓,B.认同,A.重要，应重视,8,8,B.看情况,C.无所谓,10,8,A.普通话,A.与家人交流,B.与朋友交流,,D.在工作/兼职中,,7,7,A.上海话配音短视频,B.上海话电视剧/电影,C.上海话广播/音频节目,D.上海话学习类内容,,A.是,8,3,8,简体中文
220,2025/4/22 16:54,2025/4/22 16:55,70,A.男,D.大四,上海,上海,静安,A.文科,C.普通本科院校,A.是，在上海出生并长大,A.是，在上海出生并长大,10,A.地方语言，应予保护,A.是的,A.非常支持,A.非常认同,A.重要，应重视,10,10,A.愿意,A.是,5,10,A.普通话,A.与家人交流,B.与朋友交流,C.在本地社区或邻里间,D.在工作/兼职中,,6,1,A.上海话配音短视频,B.上海话电视剧/电影,C.上海话广播/音频节目,D.上海话学习类内容,,A.是,10,1,10,简体中文
219,2025/4/22 16:46,2025/4/22 16:49,173,A.男,D.大四,上海,上海,杨浦,A.文科,C.普通本科院校,B.否，但在上海生活超过5年,B.否，但在上海生活超过5年,8,B.沟通工具，实用即可,B.部分是,C.无所谓,C.不太认同,D.难说,8,8,D.无所谓（请直接选择此项）,C.无所谓,7,8,A.普通话,,B.与朋友交流,C.在本地社区或邻里间,D.在工作/兼职中,,10,1,A.上海话配音短视频,B.上海话电视剧/电影,C.上海话广播/音频节目,,,A.是,9,1,8,简体中文
218,2025/4/22 16:45,2025/4/22 16:48,150,A.男,D.大四,湖北省,武汉市,洪山,D.医科,A.985高校,C.否，来上海时间不满5年,C.否，来上海时间不满5年,5,C.方言，逐渐消失是自然现象,B.部分是,D.反对,C.不太认同,D.难说,5,5,C.不愿意,B.否,0,3,A.普通话,,,,,E.基本不用,1,1,,,,,E.几乎没有接触过,B.否,5,1,1,简体中文
217,2025/4/22 16:39,2025/4/22 16:41,138,A.男,D.大四,上海,上海,奉贤,A.文科,C.普通本科院校,A.是，在上海出生并长大,A.是，在上海出生并长大,10,A.地方语言，应予保护,D.不清楚,A.非常支持,A.非常认同,A.重要，应重视,10,10,A.愿意,A.是,7,8,B.上海话,A.与家人交流,B.与朋友交流,C.在本地社区或邻里间,D.在工作/兼职中,,10,1,A.上海话配音短视频,B.上海话电视剧/电影,C.上海话广播/音频节目,D.上海话学习类内容,,A.是,10,8,5,简体中文
216,2025/4/22 16:32,2025/4/22 16:35,179,B.女,D.大四,,上海,奉贤,A.文科,C.普通本科院校,A.是，在上海出生并长大,A.是，在上海出生并长大,9,A.地方语言，应予保护,A.是的,A.非常支持,A.非常认同,A.重要，应重视,9,9,B.看情况,A.是,7,9,A.普通话,A.与家人交流,,C.在本地社区或邻里间,,,6,3,A.上海话配音短视频,B.上海话电视剧/电影,,D.上海话学习类内容,,A.是,10,5,7,简体中文
215,2025/4/22 16:30,2025/4/22 16:32,94,B.女,E.研究生,上海,,嘉定,A.文科,A.985高校,A.是，在上海出生并长大,A.是，在上海出生并长大,10,A.地方语言，应予保护,A.是的,A.非常支持,A.非常认同,A.重要，应重视,10,10,A.愿意,A.是,2,9,A.普通话,A.与家人交流,,C.在本地社区或邻里间,D.在工作/兼职中,,4,1,A.上海话配音短视频,B.上海话电视剧/电影,C.上海话广播/音频节目,D.上海话学习类内容,,A.是,10,6,10,简体中文
214,2025/4/22 16:26,2025/4/22 16:28,74,A.男,D.大四,上海,上海,奉贤,C.工科,B.211高校,A.是，在上海出生并长大,A.是，在上海出生并长大,10,A.地方语言，应予保护,B.部分是,A.非常支持,B.认同,A.重要，应重视,8,10,A.愿意,A.是,9,10,B.上海话,A.与家人交流,,C.在本地社区或邻里间,,,6,5,A.上海话配音短视频,,,D.上海话学习类内容,,A.是,8,4,9,简体中文
213,2025/4/22 16:24,2025/4/22 16:26,111,A.男,D.大四,,上海市,奉贤,A.文科,A.985高校,A.是，在上海出生并长大,A.是，在上海出生并长大,7,A.地方语言，应予保护,A.是的,A.非常支持,B.认同,A.重要，应重视,7,9,D.无所谓（请直接选择此项）,A.是,5,7,A.普通话,A.与家人交流,,,,,3,1,A.上海话配音短视频,,,,,A.是,7,5,6,简体中文
212,2025/4/22 16:23,2025/4/22 16:25,157,A.男,B.大二,四川,宜宾,江安,A.文科,C.普通本科院校,C.否，来上海时间不满5年,C.否，来上海时间不满5年,8,B.沟通工具，实用即可,B.部分是,C.无所谓,C.不太认同,B.一般，可保留可取代,5,5,D.无所谓（请直接选择此项）,C.无所谓,2,2,C.其他方言,,,,,E.基本不用,1,1,,,,,E.几乎没有接触过,B.否,5,5,5,简体中文
211,2025/4/22 16:22,2025/4/22 16:25,182,B.女,D.大四,上海,上海,奉贤,A.文科,C.普通本科院校,A.是，在上海出生并长大,A.是，在上海出生并长大,8,A.地方语言，应予保护,B.部分是,B.支持,A.非常认同,A.重要，应重视,7,9,A.愿意,A.是,5,8,A.普通话,A.与家人交流,B.与朋友交流,C.在本地社区或邻里间,,,2,1,A.上海话配音短视频,B.上海话电视剧/电影,C.上海话广播/音频节目,,,B.否,8,3,3,简体中文
210,2025/4/22 16:22,2025/4/22 16:23,97,B.女,D.大四,,上海,奉贤,B.理科,C.普通本科院校,A.是，在上海出生并长大,A.是，在上海出生并长大,10,A.地方语言，应予保护,B.部分是,A.非常支持,A.非常认同,A.重要，应重视,9,9,A.愿意,A.是,7,10,A.普通话,A.与家人交流,,,,,10,2,,B.上海话电视剧/电影,,,,A.是,10,1,9,简体中文
209,2025/4/22 16:19,2025/4/22 16:23,265,B.女,D.大四,,上海,奉贤,F.艺术类,C.普通本科院校,A.是，在上海出生并长大,A.是，在上海出生并长大,9,A.地方语言，应予保护,B.部分是,A.非常支持,A.非常认同,A.重要，应重视,9,9,A.愿意,A.是,6,9,A.普通话,A.与家人交流,,,,,6,5,A.上海话配音短视频,B.上海话电视剧/电影,C.上海话广播/音频节目,,,A.是,8,3,9,简体中文
208,2025/4/22 16:20,2025/4/22 16:22,135,A.男,C.大三,,上海,奉贤,C.工科,C.普通本科院校,A.是，在上海出生并长大,A.是，在上海出生并长大,5,B.沟通工具，实用即可,B.部分是,C.无所谓,B.认同,A.重要，应重视,10,10,A.愿意,A.是,8,10,A.普通话,A.与家人交流,B.与朋友交流,,,,9,7,A.上海话配音短视频,,,,,B.否,8,1,8,简体中文
207,2025/4/22 16:18,2025/4/22 16:20,132,A.男,D.大四,江西,宜春,樟树,E.社科,A.985高校,C.否，来上海时间不满5年,C.否，来上海时间不满5年,6,A.地方语言，应予保护,B.部分是,C.无所谓,B.认同,B.一般，可保留可取代,6,8,D.无所谓（请直接选择此项）,A.是,6,6,C.其他方言,,B.与朋友交流,,,,7,6,,B.上海话电视剧/电影,C.上海话广播/音频节目,,,A.是,7,6,7,简体中文
206,2025/4/22 16:16,2025/4/22 16:19,188,A.男,D.大四,,上海,杨浦,A.文科,C.普通本科院校,A.是，在上海出生并长大,B.否，但在上海生活超过5年,9,B.沟通工具，实用即可,C.否,C.无所谓,B.认同,A.重要，应重视,8,9,B.看情况,A.是,10,10,A.普通话,,B.与朋友交流,C.在本地社区或邻里间,D.在工作/兼职中,,10,10,A.上海话配音短视频,B.上海话电视剧/电影,C.上海话广播/音频节目,D.上海话学习类内容,,A.是,10,6,5,简体中文
205,2025/4/22 16:17,2025/4/22 16:18,97,B.女,D.大四,上海,上海,奉贤,A.文科,B.211高校,A.是，在上海出生并长大,A.是，在上海出生并长大,7,A.地方语言，应予保护,A.是的,A.非常支持,A.非常认同,A.重要，应重视,9,10,A.愿意,A.是,6,10,B.上海话,A.与家人交流,B.与朋友交流,C.在本地社区或邻里间,D.在工作/兼职中,,4,10,A.上海话配音短视频,B.上海话电视剧/电影,C.上海话广播/音频节目,D.上海话学习类内容,,A.是,10,10,8,简体中文
204,2025/4/22 16:16,2025/4/22 16:18,146,A.男,D.大四,,上海,奉贤,A.文科,C.普通本科院校,A.是，在上海出生并长大,A.是，在上海出生并长大,8,B.沟通工具，实用即可,B.部分是,B.支持,B.认同,A.重要，应重视,7,8,D.无所谓（请直接选择此项）,C.无所谓,8,8,A.普通话,A.与家人交流,B.与朋友交流,,,,7,4,A.上海话配音短视频,B.上海话电视剧/电影,,,,A.是,6,3,6,简体中文
203,2025/4/22 16:17,2025/4/22 16:18,78,A.男,D.大四,,上海,静安区,A.文科,C.普通本科院校,A.是，在上海出生并长大,A.是，在上海出生并长大,10,A.地方语言，应予保护,A.是的,A.非常支持,A.非常认同,A.重要，应重视,10,10,B.看情况,A.是,8,8,B.上海话,A.与家人交流,B.与朋友交流,,,,9,6,,B.上海话电视剧/电影,C.上海话广播/音频节目,,,A.是,10,3,4,简体中文
202,2025/4/22 16:15,2025/4/22 16:17,92,A.男,D.大四,上海市,上海,静安,A.文科,C.普通本科院校,A.是，在上海出生并长大,A.是，在上海出生并长大,10,A.地方语言，应予保护,A.是的,A.非常支持,A.非常认同,A.重要，应重视,10,10,A.愿意,A.是,10,10,B.上海话,A.与家人交流,B.与朋友交流,C.在本地社区或邻里间,D.在工作/兼职中,,10,10,A.上海话配音短视频,B.上海话电视剧/电影,C.上海话广播/音频节目,D.上海话学习类内容,,A.是,10,1,7,简体中文
201,2025/4/22 16:13,2025/4/22 16:15,155,B.女,A.大一,湖北,恩施州,利川市,E.社科,A.985高校,C.否，来上海时间不满5年,C.否，来上海时间不满5年,5,A.地方语言，应予保护,C.否,C.无所谓,D.完全不认同,D.难说,2,5,A.愿意,A.是,0,1,C.其他方言,,,,,E.基本不用,1,1,,,C.上海话广播/音频节目,,,B.否,5,8,9,简体中文
200,2025/4/22 16:11,2025/4/22 16:13,115,A.男,B.大二,湖南,湘西,花垣,C.工科,A.985高校,C.否，来上海时间不满5年,C.否，来上海时间不满5年,6,A.地方语言，应予保护,A.是的,B.支持,B.认同,B.一般，可保留可取代,6,6,B.看情况,A.是,1,1,C.其他方言,,,,,E.基本不用,1,1,A.上海话配音短视频,,,,,B.否,5,1,5,简体中文
199,2025/4/22 16:00,2025/4/22 16:02,92,A.男,D.大四,,上海,青浦,C.工科,C.普通本科院校,A.是，在上海出生并长大,A.是，在上海出生并长大,10,A.地方语言，应予保护,A.是的,A.非常支持,A.非常认同,A.重要，应重视,10,10,A.愿意,A.是,10,10,B.上海话,A.与家人交流,B.与朋友交流,,,,10,10,A.上海话配音短视频,,,,,A.是,10,1,10,简体中文
198,2025/4/22 15:55,2025/4/22 15:55,34,B.女,C.大三,广东,东莞,大岭山,C.工科,A.985高校,B.否，但在上海生活超过5年,B.否，但在上海生活超过5年,8,B.沟通工具，实用即可,C.否,C.无所谓,C.不太认同,C.不重要,6,6,B.看情况,B.否,7,6,A.普通话,,B.与朋友交流,,,,8,6,,B.上海话电视剧/电影,,,,B.否,6,8,7,简体中文
197,2025/4/22 15:50,2025/4/22 15:52,106,A.男,E.研究生,上海,上海,浦东新,C.工科,A.985高校,A.是，在上海出生并长大,A.是，在上海出生并长大,10,A.地方语言，应予保护,B.部分是,C.无所谓,A.非常认同,B.一般，可保留可取代,10,10,B.看情况,C.无所谓,8,10,A.普通话,A.与家人交流,,C.在本地社区或邻里间,,,5,1,A.上海话配音短视频,,C.上海话广播/音频节目,,,A.是,10,2,8,简体中文
196,2025/4/22 15:40,2025/4/22 15:42,103,B.女,C.大三,,重庆,,B.理科,A.985高校,C.否，来上海时间不满5年,C.否，来上海时间不满5年,7,A.地方语言，应予保护,A.是的,B.支持,B.认同,B.一般，可保留可取代,5,7,A.愿意,A.是,5,5,C.其他方言,,,,,E.基本不用,3,1,A.上海话配音短视频,B.上海话电视剧/电影,,,,A.是,6,1,6,简体中文
195,2025/4/22 15:15,2025/4/22 15:16,61,B.女,C.大三,安徽,黄山,休宁,E.社科,A.985高校,C.否，来上海时间不满5年,C.否，来上海时间不满5年,8,A.地方语言，应予保护,B.部分是,C.无所谓,B.认同,B.一般，可保留可取代,8,8,A.愿意,B.否,9,10,A.普通话,,B.与朋友交流,C.在本地社区或邻里间,D.在工作/兼职中,,6,6,A.上海话配音短视频,B.上海话电视剧/电影,C.上海话广播/音频节目,D.上海话学习类内容,,A.是,9,4,8,简体中文
194,2025/4/22 14:52,2025/4/22 14:53,108,B.女,C.大三,,重庆市,梁平区,E.社科,A.985高校,C.否，来上海时间不满5年,C.否，来上海时间不满5年,5,A.地方语言，应予保护,C.否,C.无所谓,C.不太认同,A.重要，应重视,5,5,D.无所谓（请直接选择此项）,A.是,0,1,C.其他方言,,,,,E.基本不用,1,1,,B.上海话电视剧/电影,,,,B.否,5,1,3,简体中文
193,2025/4/22 14:51,2025/4/22 14:53,133,B.女,C.大三,上海,上海,金山,A.文科,A.985高校,A.是，在上海出生并长大,A.是，在上海出生并长大,10,A.地方语言，应予保护,A.是的,A.非常支持,B.认同,A.重要，应重视,10,10,D.无所谓（请直接选择此项）,A.是,7,10,A.普通话,A.与家人交流,,,,,6,3,A.上海话配音短视频,B.上海话电视剧/电影,,,,A.是,10,4,10,简体中文
192,2025/4/22 14:48,2025/4/22 14:50,99,B.女,D.大四,广东,广州,荔湾,E.社科,A.985高校,C.否，来上海时间不满5年,C.否，来上海时间不满5年,3,B.沟通工具，实用即可,B.部分是,D.反对,C.不太认同,B.一般，可保留可取代,3,6,C.不愿意,B.否,0,2,C.其他方言,,,,,E.基本不用,1,1,,B.上海话电视剧/电影,,,,B.否,2,2,4,简体中文
191,2025/4/22 14:47,2025/4/22 14:50,155,B.女,E.研究生,黑龙江,齐齐哈尔,建华,B.理科,A.985高校,B.否，但在上海生活超过5年,C.否，来上海时间不满5年,5,D.无所谓,B.部分是,C.无所谓,C.不太认同,D.难说,3,5,D.无所谓（请直接选择此项）,C.无所谓,6,5,A.普通话,,,,,E.基本不用,1,1,A.上海话配音短视频,,,,,B.否,5,2,2,简体中文
190,2025/4/22 14:44,2025/4/22 14:46,139,B.女,C.大三,浙江,嘉兴,,A.文科,C.普通本科院校,C.否，来上海时间不满5年,C.否，来上海时间不满5年,5,B.沟通工具，实用即可,C.否,C.无所谓,B.认同,B.一般，可保留可取代,5,5,D.无所谓（请直接选择此项）,C.无所谓,5,8,A.普通话,A.与家人交流,,C.在本地社区或邻里间,,,1,1,A.上海话配音短视频,B.上海话电视剧/电影,,,,B.否,5,5,5,简体中文
189,2025/4/22 14:42,2025/4/22 14:44,168,B.女,A.大一,江苏,南通,如皋,A.文科,A.985高校,C.否，来上海时间不满5年,C.否，来上海时间不满5年,5,C.方言，逐渐消失是自然现象,A.是的,D.反对,A.非常认同,D.难说,7,8,D.无所谓（请直接选择此项）,B.否,0,3,C.其他方言,,,,,E.基本不用,1,1,,,,,E.几乎没有接触过,B.否,5,1,5,简体中文
188,2025/4/22 14:37,2025/4/22 14:39,106,B.女,B.大二,湖南,邵阳,洞口,D.医科,A.985高校,C.否，来上海时间不满5年,C.否，来上海时间不满5年,5,A.地方语言，应予保护,A.是的,A.非常支持,A.非常认同,A.重要，应重视,7,7,A.愿意,A.是,1,2,A.普通话,,,,,E.基本不用,1,1,,,,,E.几乎没有接触过,B.否,8,5,8,简体中文
187,2025/4/22 14:35,2025/4/22 14:37,124,B.女,A.大一,四川,成都,双流,B.理科,A.985高校,C.否，来上海时间不满5年,C.否，来上海时间不满5年,5,A.地方语言，应予保护,B.部分是,C.无所谓,C.不太认同,B.一般，可保留可取代,5,5,D.无所谓（请直接选择此项）,C.无所谓,0,1,C.其他方言,,,,,E.基本不用,1,1,A.上海话配音短视频,B.上海话电视剧/电影,,,,A.是,5,1,5,简体中文
186,2025/4/22 14:22,2025/4/22 14:24,70,B.女,B.大二,,上海,浦东新,A.文科,A.985高校,A.是，在上海出生并长大,A.是，在上海出生并长大,9,A.地方语言，应予保护,B.部分是,B.支持,B.认同,A.重要，应重视,7,10,D.无所谓（请直接选择此项）,A.是,7,9,A.普通话,,,,,E.基本不用,5,5,A.上海话配音短视频,B.上海话电视剧/电影,C.上海话广播/音频节目,,,A.是,9,3,2,简体中文
185,2025/4/22 14:13,2025/4/22 14:15,122,B.女,D.大四,上海,上海,浦东新区,B.理科,C.普通本科院校,A.是，在上海出生并长大,A.是，在上海出生并长大,10,A.地方语言，应予保护,A.是的,A.非常支持,A.非常认同,A.重要，应重视,10,10,A.愿意,A.是,8,9,A.普通话,A.与家人交流,,C.在本地社区或邻里间,D.在工作/兼职中,,6,2,,B.上海话电视剧/电影,C.上海话广播/音频节目,D.上海话学习类内容,,A.是,10,1,9,简体中文
184,2025/4/22 14:08,2025/4/22 14:13,287,B.女,D.大四,,上海,奉贤区,A.文科,C.普通本科院校,A.是，在上海出生并长大,A.是，在上海出生并长大,5,B.沟通工具，实用即可,C.否,B.支持,B.认同,B.一般，可保留可取代,5,7,B.看情况,A.是,6,8,A.普通话,,,,,E.基本不用,2,1,A.上海话配音短视频,B.上海话电视剧/电影,C.上海话广播/音频节目,,,B.否,5,2,3,简体中文
183,2025/4/22 14:08,2025/4/22 14:10,97,A.男,C.大三,上海,上海,宝山,B.理科,A.985高校,A.是，在上海出生并长大,B.否，但在上海生活超过5年,8,A.地方语言，应予保护,B.部分是,C.无所谓,B.认同,A.重要，应重视,7,7,B.看情况,C.无所谓,7,9,A.普通话,,B.与朋友交流,C.在本地社区或邻里间,,,5,3,A.上海话配音短视频,B.上海话电视剧/电影,,D.上海话学习类内容,,A.是,8,6,6,简体中文
182,2025/4/22 14:06,2025/4/22 14:08,113,B.女,C.大三,上海,上海,徐汇,A.文科,A.985高校,A.是，在上海出生并长大,B.否，但在上海生活超过5年,9,A.地方语言，应予保护,B.部分是,A.非常支持,A.非常认同,A.重要，应重视,7,10,A.愿意,A.是,3,7,A.普通话,,,,,E.基本不用,1,1,A.上海话配音短视频,B.上海话电视剧/电影,,,,A.是,8,2,3,简体中文
181,2025/4/22 14:05,2025/4/22 14:06,84,B.女,E.研究生,,上海,,A.文科,A.985高校,A.是，在上海出生并长大,B.否，但在上海生活超过5年,6,B.沟通工具，实用即可,B.部分是,B.支持,B.认同,B.一般，可保留可取代,5,6,C.不愿意,A.是,7,9,A.普通话,A.与家人交流,,,,,2,1,,,C.上海话广播/音频节目,,,A.是,8,10,2,简体中文
180,2025/4/22 14:04,2025/4/22 14:06,130,B.女,D.大四,上海,上海,静安,C.工科,B.211高校,A.是，在上海出生并长大,A.是，在上海出生并长大,8,B.沟通工具，实用即可,A.是的,B.支持,B.认同,A.重要，应重视,9,9,B.看情况,C.无所谓,7,10,C.其他方言,,,,,E.基本不用,2,2,A.上海话配音短视频,B.上海话电视剧/电影,C.上海话广播/音频节目,,,A.是,9,2,5,简体中文
179,2025/4/22 14:05,2025/4/22 14:06,104,B.女,E.研究生,福建,福州,闽侯,B.理科,A.985高校,C.否，来上海时间不满5年,C.否，来上海时间不满5年,5,A.地方语言，应予保护,B.部分是,C.无所谓,C.不太认同,B.一般，可保留可取代,3,6,C.不愿意,C.无所谓,1,1,A.普通话,,,,,E.基本不用,1,1,A.上海话配音短视频,,,,,B.否,4,6,5,简体中文
178,2025/4/22 14:03,2025/4/22 14:05,115,B.女,A.大一,河南,周口,沈丘,C.工科,B.211高校,B.否，但在上海生活超过5年,B.否，但在上海生活超过5年,8,A.地方语言，应予保护,B.部分是,C.无所谓,B.认同,B.一般，可保留可取代,5,5,B.看情况,C.无所谓,5,3,C.其他方言,,,,,E.基本不用,1,1,,,,,E.几乎没有接触过,B.否,5,5,6,简体中文
177,2025/4/22 14:01,2025/4/22 14:03,84,B.女,E.研究生,上海,上海,闵行,B.理科,A.985高校,A.是，在上海出生并长大,A.是，在上海出生并长大,10,A.地方语言，应予保护,A.是的,A.非常支持,A.非常认同,A.重要，应重视,10,10,A.愿意,A.是,9,10,B.上海话,A.与家人交流,B.与朋友交流,,,,6,1,A.上海话配音短视频,B.上海话电视剧/电影,,,,A.是,10,1,1,简体中文
176,2025/4/22 14:01,2025/4/22 14:03,105,B.女,D.大四,贵州,贵阳,南明,E.社科,A.985高校,C.否，来上海时间不满5年,C.否，来上海时间不满5年,6,B.沟通工具，实用即可,B.部分是,B.支持,A.非常认同,B.一般，可保留可取代,5,5,D.无所谓（请直接选择此项）,A.是,1,3,C.其他方言,,,,,E.基本不用,1,1,A.上海话配音短视频,B.上海话电视剧/电影,,D.上海话学习类内容,,A.是,7,6,7,简体中文
175,2025/4/22 14:00,2025/4/22 14:02,137,B.女,D.大四,,上海,浦东新区,B.理科,A.985高校,A.是，在上海出生并长大,A.是，在上海出生并长大,10,A.地方语言，应予保护,B.部分是,C.无所谓,A.非常认同,A.重要，应重视,10,10,D.无所谓（请直接选择此项）,C.无所谓,8,8,B.上海话,A.与家人交流,,C.在本地社区或邻里间,,,10,5,A.上海话配音短视频,,,D.上海话学习类内容,,A.是,10,1,5,简体中文
174,2025/4/22 14:01,2025/4/22 14:02,91,A.男,C.大三,江苏,南通,如皋,B.理科,A.985高校,C.否，来上海时间不满5年,C.否，来上海时间不满5年,3,B.沟通工具，实用即可,A.是的,D.反对,C.不太认同,C.不重要,3,3,C.不愿意,B.否,0,5,C.其他方言,,,,,E.基本不用,1,1,,,,,E.几乎没有接触过,B.否,8,6,7,简体中文
173,2025/4/22 13:58,2025/4/22 14:01,132,B.女,E.研究生,上海,上海,闵行,B.理科,A.985高校,A.是，在上海出生并长大,A.是，在上海出生并长大,10,A.地方语言，应予保护,B.部分是,A.非常支持,A.非常认同,A.重要，应重视,10,10,A.愿意,A.是,7,10,A.普通话,A.与家人交流,B.与朋友交流,,,,6,7,A.上海话配音短视频,B.上海话电视剧/电影,C.上海话广播/音频节目,,,A.是,10,4,6,简体中文
172,2025/4/22 13:56,2025/4/22 14:00,262,B.女,B.大二,上海,上海,静安,E.社科,A.985高校,B.否，但在上海生活超过5年,B.否，但在上海生活超过5年,3,C.方言，逐渐消失是自然现象,B.部分是,C.无所谓,C.不太认同,B.一般，可保留可取代,2,5,D.无所谓（请直接选择此项）,B.否,3,8,A.普通话,,,C.在本地社区或邻里间,D.在工作/兼职中,,2,1,A.上海话配音短视频,B.上海话电视剧/电影,,,,B.否,3,8,6,简体中文
171,2025/4/22 13:58,2025/4/22 14:00,146,B.女,A.大一,上海,上海,浦东新区,F.艺术类,C.普通本科院校,A.是，在上海出生并长大,A.是，在上海出生并长大,7,A.地方语言，应予保护,A.是的,B.支持,B.认同,B.一般，可保留可取代,8,9,A.愿意,A.是,8,8,A.普通话,A.与家人交流,B.与朋友交流,C.在本地社区或邻里间,,,10,6,,,,,E.几乎没有接触过,B.否,5,1,5,简体中文
170,2025/4/22 13:58,2025/4/22 14:00,107,B.女,D.大四,吉林,白山,抚松,E.社科,A.985高校,C.否，来上海时间不满5年,C.否，来上海时间不满5年,2,A.地方语言，应予保护,B.部分是,C.无所谓,C.不太认同,B.一般，可保留可取代,2,1,C.不愿意,C.无所谓,2,2,A.普通话,,,,,E.基本不用,1,1,,,,,E.几乎没有接触过,B.否,1,6,1,简体中文
169,2025/4/22 13:57,2025/4/22 13:58,97,A.男,D.大四,上海,上海,金山,E.社科,A.985高校,A.是，在上海出生并长大,A.是，在上海出生并长大,10,A.地方语言，应予保护,A.是的,A.非常支持,A.非常认同,A.重要，应重视,10,10,A.愿意,A.是,6,8,A.普通话,A.与家人交流,,,,,6,4,A.上海话配音短视频,,,D.上海话学习类内容,,A.是,9,1,3,简体中文
168,2025/4/22 13:51,2025/4/22 13:53,134,B.女,E.研究生,黑龙江,黑河,黑河,E.社科,A.985高校,C.否，来上海时间不满5年,C.否，来上海时间不满5年,5,D.无所谓,A.是的,D.反对,C.不太认同,B.一般，可保留可取代,4,4,D.无所谓（请直接选择此项）,B.否,2,1,A.普通话,,,,,E.基本不用,1,1,,B.上海话电视剧/电影,,,,B.否,1,8,1,简体中文
167,2025/4/22 13:51,2025/4/22 13:52,82,B.女,D.大四,上海,上海,宝山,A.文科,A.985高校,A.是，在上海出生并长大,A.是，在上海出生并长大,8,A.地方语言，应予保护,A.是的,A.非常支持,A.非常认同,A.重要，应重视,9,9,A.愿意,A.是,6,7,A.普通话,A.与家人交流,,C.在本地社区或邻里间,,,4,3,A.上海话配音短视频,,C.上海话广播/音频节目,,,A.是,7,7,4,简体中文
166,2025/4/22 13:49,2025/4/22 13:52,178,A.男,E.研究生,山东,聊城,莘县,A.文科,A.985高校,C.否，来上海时间不满5年,C.否，来上海时间不满5年,5,B.沟通工具，实用即可,B.部分是,C.无所谓,C.不太认同,B.一般，可保留可取代,5,5,D.无所谓（请直接选择此项）,C.无所谓,3,4,C.其他方言,,,,,E.基本不用,2,2,A.上海话配音短视频,,,,,A.是,8,3,5,简体中文
165,2025/4/22 13:49,2025/4/22 13:50,84,A.男,E.研究生,山东,滨州,滨城,C.工科,A.985高校,C.否，来上海时间不满5年,C.否，来上海时间不满5年,8,B.沟通工具，实用即可,B.部分是,D.反对,C.不太认同,B.一般，可保留可取代,7,7,C.不愿意,C.无所谓,1,3,A.普通话,,,,,E.基本不用,1,1,,B.上海话电视剧/电影,,,,B.否,5,1,5,简体中文
164,2025/4/22 13:45,2025/4/22 13:47,126,B.女,C.大三,江苏,盐城,阜宁,A.文科,C.普通本科院校,A.是，在上海出生并长大,B.否，但在上海生活超过5年,8,A.地方语言，应予保护,C.否,C.无所谓,B.认同,B.一般，可保留可取代,6,5,D.无所谓（请直接选择此项）,B.否,7,8,A.普通话,,,,,E.基本不用,2,2,A.上海话配音短视频,B.上海话电视剧/电影,C.上海话广播/音频节目,,,A.是,7,1,4,简体中文
163,2025/4/22 13:41,2025/4/22 13:43,117,B.女,D.大四,江西,宜春,,A.文科,B.211高校,C.否，来上海时间不满5年,C.否，来上海时间不满5年,6,A.地方语言，应予保护,B.部分是,B.支持,B.认同,A.重要，应重视,6,6,B.看情况,A.是,2,4,A.普通话,,,,,E.基本不用,1,1,,B.上海话电视剧/电影,,,,A.是,7,5,7,简体中文
162,2025/4/22 13:40,2025/4/22 13:41,77,A.男,B.大二,天津,天津,和平,B.理科,A.985高校,C.否，来上海时间不满5年,C.否，来上海时间不满5年,2,A.地方语言，应予保护,C.否,C.无所谓,C.不太认同,C.不重要,3,8,D.无所谓（请直接选择此项）,C.无所谓,0,3,A.普通话,,,,,E.基本不用,1,1,,,,,E.几乎没有接触过,B.否,7,2,2,简体中文
161,2025/4/22 13:38,2025/4/22 13:40,121,A.男,C.大三,上海,上海,闵行,C.工科,A.985高校,B.否，但在上海生活超过5年,B.否，但在上海生活超过5年,5,A.地方语言，应予保护,B.部分是,B.支持,B.认同,A.重要，应重视,3,5,B.看情况,A.是,3,5,A.普通话,,,,,E.基本不用,1,1,,,,,E.几乎没有接触过,A.是,8,6,4,简体中文
160,2025/4/22 13:36,2025/4/22 13:38,114,B.女,D.大四,安徽,合肥,蜀山,A.文科,B.211高校,C.否，来上海时间不满5年,C.否，来上海时间不满5年,6,B.沟通工具，实用即可,B.部分是,C.无所谓,B.认同,A.重要，应重视,5,5,C.不愿意,B.否,1,4,A.普通话,,B.与朋友交流,,D.在工作/兼职中,,1,1,A.上海话配音短视频,,C.上海话广播/音频节目,,,B.否,4,7,8,简体中文
159,2025/4/22 13:31,2025/4/22 13:33,111,B.女,D.大四,,上海,奉贤,B.理科,A.985高校,A.是，在上海出生并长大,A.是，在上海出生并长大,7,A.地方语言，应予保护,B.部分是,B.支持,B.认同,A.重要，应重视,7,8,D.无所谓（请直接选择此项）,C.无所谓,7,10,A.普通话,,,,,E.基本不用,2,1,A.上海话配音短视频,B.上海话电视剧/电影,C.上海话广播/音频节目,,,A.是,8,3,3,简体中文
158,2025/4/22 13:23,2025/4/22 13:25,126,A.男,C.大三,上海,上海,浦东新,A.文科,C.普通本科院校,A.是，在上海出生并长大,B.否，但在上海生活超过5年,8,A.地方语言，应予保护,B.部分是,C.无所谓,C.不太认同,A.重要，应重视,8,8,B.看情况,A.是,3,8,A.普通话,,,,,E.基本不用,2,2,,,,,E.几乎没有接触过,B.否,8,2,7,简体中文
157,2025/4/22 13:23,2025/4/22 13:25,99,A.男,C.大三,上海,上海,浦东新,B.理科,A.985高校,A.是，在上海出生并长大,A.是，在上海出生并长大,10,A.地方语言，应予保护,A.是的,C.无所谓,B.认同,A.重要，应重视,7,10,D.无所谓（请直接选择此项）,C.无所谓,5,10,A.普通话,,,,,E.基本不用,1,4,A.上海话配音短视频,,C.上海话广播/音频节目,D.上海话学习类内容,,A.是,10,1,10,简体中文
156,2025/4/22 13:21,2025/4/22 13:23,156,B.女,A.大一,上海,上海,静安,B.理科,D.高职高专,A.是，在上海出生并长大,A.是，在上海出生并长大,10,A.地方语言，应予保护,A.是的,A.非常支持,A.非常认同,A.重要，应重视,10,10,A.愿意,A.是,8,10,B.上海话,A.与家人交流,B.与朋友交流,C.在本地社区或邻里间,,,10,8,A.上海话配音短视频,,C.上海话广播/音频节目,,,B.否,5,1,8,简体中文
155,2025/4/22 13:20,2025/4/22 13:22,131,B.女,B.大二,甘肃,定西,安定,D.医科,A.985高校,C.否，来上海时间不满5年,C.否，来上海时间不满5年,6,B.沟通工具，实用即可,C.否,C.无所谓,C.不太认同,B.一般，可保留可取代,5,3,C.不愿意,C.无所谓,0,3,C.其他方言,,,,,E.基本不用,1,1,,B.上海话电视剧/电影,,,,B.否,4,1,2,简体中文
154,2025/4/22 13:19,2025/4/22 13:21,136,B.女,C.大三,山西,太原,万柏林,D.医科,A.985高校,B.否，但在上海生活超过5年,B.否，但在上海生活超过5年,2,A.地方语言，应予保护,B.部分是,C.无所谓,C.不太认同,D.难说,3,2,D.无所谓（请直接选择此项）,C.无所谓,5,7,A.普通话,,B.与朋友交流,,,E.基本不用,1,1,A.上海话配音短视频,B.上海话电视剧/电影,,,,A.是,6,7,6,简体中文
153,2025/4/22 13:20,2025/4/22 13:21,102,B.女,D.大四,,上海,静安,E.社科,C.普通本科院校,A.是，在上海出生并长大,A.是，在上海出生并长大,10,A.地方语言，应予保护,C.否,A.非常支持,A.非常认同,A.重要，应重视,8,8,A.愿意,A.是,10,10,B.上海话,A.与家人交流,B.与朋友交流,C.在本地社区或邻里间,D.在工作/兼职中,,10,10,,B.上海话电视剧/电影,C.上海话广播/音频节目,,,A.是,10,1,7,简体中文
152,2025/4/22 13:19,2025/4/22 13:21,85,A.男,D.大四,,上海市,奉贤,A.文科,B.211高校,A.是，在上海出生并长大,A.是，在上海出生并长大,10,A.地方语言，应予保护,A.是的,A.非常支持,A.非常认同,A.重要，应重视,9,9,A.愿意,A.是,9,9,B.上海话,A.与家人交流,B.与朋友交流,,D.在工作/兼职中,,7,7,A.上海话配音短视频,B.上海话电视剧/电影,C.上海话广播/音频节目,,,A.是,10,1,10,简体中文
151,2025/4/22 13:17,2025/4/22 13:20,200,B.女,C.大三,上海,上海,浦东新区,A.文科,D.高职高专,A.是，在上海出生并长大,A.是，在上海出生并长大,10,A.地方语言，应予保护,A.是的,A.非常支持,A.非常认同,A.重要，应重视,10,10,A.愿意,A.是,10,9,B.上海话,A.与家人交流,,C.在本地社区或邻里间,D.在工作/兼职中,,10,5,A.上海话配音短视频,B.上海话电视剧/电影,C.上海话广播/音频节目,,,A.是,10,1,10,简体中文
150,2025/4/22 13:15,2025/4/22 13:17,135,A.男,D.大四,上海,上海,宝山,A.文科,A.985高校,A.是，在上海出生并长大,A.是，在上海出生并长大,7,A.地方语言，应予保护,B.部分是,B.支持,B.认同,A.重要，应重视,6,7,D.无所谓（请直接选择此项）,C.无所谓,6,9,A.普通话,A.与家人交流,,,,E.基本不用,5,4,A.上海话配音短视频,,C.上海话广播/音频节目,D.上海话学习类内容,,A.是,7,3,6,简体中文
149,2025/4/22 13:11,2025/4/22 13:13,131,A.男,E.研究生,上海,上海,浦东新,E.社科,E.其他,B.否，但在上海生活超过5年,B.否，但在上海生活超过5年,5,A.地方语言，应予保护,B.部分是,A.非常支持,A.非常认同,A.重要，应重视,10,10,A.愿意,A.是,10,10,A.普通话,,,,,E.基本不用,3,2,A.上海话配音短视频,B.上海话电视剧/电影,C.上海话广播/音频节目,D.上海话学习类内容,,B.否,5,1,1,简体中文
148,2025/4/22 13:12,2025/4/22 13:13,75,B.女,D.大四,山东,济宁,兖州,E.社科,B.211高校,B.否，但在上海生活超过5年,B.否，但在上海生活超过5年,5,A.地方语言，应予保护,A.是的,B.支持,B.认同,B.一般，可保留可取代,5,6,B.看情况,C.无所谓,0,3,A.普通话,,,,,E.基本不用,1,1,A.上海话配音短视频,B.上海话电视剧/电影,,,,A.是,6,3,4,简体中文
147,2025/4/22 13:08,2025/4/22 13:10,96,A.男,D.大四,上海,上海,宝山,A.文科,C.普通本科院校,A.是，在上海出生并长大,A.是，在上海出生并长大,8,A.地方语言，应予保护,A.是的,B.支持,C.不太认同,B.一般，可保留可取代,8,10,C.不愿意,A.是,2,10,A.普通话,,,,,E.基本不用,1,1,A.上海话配音短视频,B.上海话电视剧/电影,,,,B.否,3,8,5,简体中文
146,2025/4/22 12:37,2025/4/22 12:40,178,B.女,E.研究生,浙江,衢州,,B.理科,A.985高校,B.否，但在上海生活超过5年,C.否，来上海时间不满5年,3,D.无所谓,C.否,D.反对,D.完全不认同,C.不重要,3,3,C.不愿意,B.否,0,6,A.普通话,,,,,E.基本不用,1,1,,,,,E.几乎没有接触过,A.是,5,1,1,简体中文
145,2025/4/22 12:32,2025/4/22 12:37,292,A.男,D.大四,,上海,,A.文科,C.普通本科院校,A.是，在上海出生并长大,A.是，在上海出生并长大,10,A.地方语言，应予保护,A.是的,A.非常支持,A.非常认同,A.重要，应重视,10,10,A.愿意,A.是,5,10,B.上海话,A.与家人交流,,C.在本地社区或邻里间,,,5,1,A.上海话配音短视频,B.上海话电视剧/电影,,,,A.是,10,2,1,简体中文
144,2025/4/22 12:31,2025/4/22 12:33,105,B.女,E.研究生,山东,青岛,市北,A.文科,A.985高校,C.否，来上海时间不满5年,C.否，来上海时间不满5年,7,A.地方语言，应予保护,B.部分是,A.非常支持,B.认同,A.重要，应重视,5,10,A.愿意,A.是,3,3,A.普通话,,,C.在本地社区或邻里间,D.在工作/兼职中,,1,1,A.上海话配音短视频,B.上海话电视剧/电影,,,,B.否,5,6,7,简体中文
143,2025/4/22 12:29,2025/4/22 12:31,107,B.女,B.大二,广东,深圳,南山,E.社科,A.985高校,C.否，来上海时间不满5年,C.否，来上海时间不满5年,6,B.沟通工具，实用即可,B.部分是,D.反对,B.认同,B.一般，可保留可取代,6,8,D.无所谓（请直接选择此项）,B.否,0,2,A.普通话,,,,,E.基本不用,1,1,,B.上海话电视剧/电影,,,,B.否,5,1,7,简体中文
142,2025/4/22 12:29,2025/4/22 12:30,77,B.女,E.研究生,上海,上海,杨浦,A.文科,A.985高校,C.否，来上海时间不满5年,C.否，来上海时间不满5年,3,D.无所谓,C.否,D.反对,D.完全不认同,C.不重要,1,1,C.不愿意,B.否,0,1,A.普通话,,,,,E.基本不用,1,1,,,,,E.几乎没有接触过,B.否,1,8,3,简体中文
141,2025/4/22 12:28,2025/4/22 12:29,80,A.男,C.大三,云南,曲靖,会泽,B.理科,A.985高校,C.否，来上海时间不满5年,C.否，来上海时间不满5年,8,A.地方语言，应予保护,A.是的,A.非常支持,A.非常认同,A.重要，应重视,7,8,A.愿意,A.是,5,4,A.普通话,,B.与朋友交流,,,,2,1,A.上海话配音短视频,B.上海话电视剧/电影,,,,A.是,8,1,4,简体中文
140,2025/4/22 12:24,2025/4/22 12:26,65,B.女,C.大三,浙江,杭州,萧山,D.医科,A.985高校,C.否，来上海时间不满5年,C.否，来上海时间不满5年,6,B.沟通工具，实用即可,B.部分是,C.无所谓,C.不太认同,B.一般，可保留可取代,5,4,C.不愿意,C.无所谓,5,7,A.普通话,,,C.在本地社区或邻里间,,,2,2,A.上海话配音短视频,,,,,B.否,4,4,5,简体中文
139,2025/4/22 11:05,2025/4/22 11:07,89,B.女,A.大一,广东,东莞,凤岗镇,A.文科,A.985高校,C.否，来上海时间不满5年,C.否，来上海时间不满5年,5,A.地方语言，应予保护,B.部分是,C.无所谓,B.认同,A.重要，应重视,5,5,D.无所谓（请直接选择此项）,C.无所谓,0,1,A.普通话,,,,,E.基本不用,1,1,,,,,E.几乎没有接触过,B.否,5,3,3,简体中文
138,2025/4/22 10:54,2025/4/22 10:56,114,B.女,C.大三,上海,上海,普陀,A.文科,A.985高校,A.是，在上海出生并长大,A.是，在上海出生并长大,8,B.沟通工具，实用即可,A.是的,B.支持,A.非常认同,B.一般，可保留可取代,10,10,D.无所谓（请直接选择此项）,A.是,6,10,A.普通话,A.与家人交流,B.与朋友交流,C.在本地社区或邻里间,D.在工作/兼职中,,5,4,A.上海话配音短视频,B.上海话电视剧/电影,C.上海话广播/音频节目,,,B.否,5,3,6,简体中文
137,2025/4/22 10:53,2025/4/22 10:55,113,B.女,A.大一,新疆,和田,于田,D.医科,A.985高校,C.否，来上海时间不满5年,C.否，来上海时间不满5年,5,C.方言，逐渐消失是自然现象,B.部分是,B.支持,B.认同,B.一般，可保留可取代,5,5,B.看情况,A.是,5,5,C.其他方言,,,,,E.基本不用,1,1,,,,,E.几乎没有接触过,A.是,3,5,5,简体中文
136,2025/4/22 10:47,2025/4/22 10:49,86,A.男,B.大二,河南,南阳,卧龙,D.医科,A.985高校,C.否，来上海时间不满5年,C.否，来上海时间不满5年,7,B.沟通工具，实用即可,C.否,C.无所谓,B.认同,B.一般，可保留可取代,5,6,D.无所谓（请直接选择此项）,A.是,1,1,C.其他方言,,,,,E.基本不用,1,1,,,C.上海话广播/音频节目,,,B.否,6,1,4,简体中文
135,2025/4/22 10:47,2025/4/22 10:49,101,B.女,E.研究生,浙江,杭州,富阳,B.理科,A.985高校,B.否，但在上海生活超过5年,C.否，来上海时间不满5年,5,B.沟通工具，实用即可,C.否,C.无所谓,C.不太认同,B.一般，可保留可取代,5,5,D.无所谓（请直接选择此项）,B.否,5,7,A.普通话,,,,,E.基本不用,1,1,A.上海话配音短视频,,,,,B.否,5,1,6,简体中文
134,2025/4/22 10:46,2025/4/22 10:48,82,A.男,A.大一,福建,漳州,漳浦,D.医科,A.985高校,C.否，来上海时间不满5年,C.否，来上海时间不满5年,6,A.地方语言，应予保护,A.是的,C.无所谓,B.认同,B.一般，可保留可取代,7,8,A.愿意,A.是,0,1,C.其他方言,,,,,E.基本不用,1,1,,,,,E.几乎没有接触过,B.否,6,1,3,简体中文
133,2025/4/22 09:51,2025/4/22 09:53,134,A.男,B.大二,浙江,台州,黄岩,C.工科,A.985高校,C.否，来上海时间不满5年,C.否，来上海时间不满5年,6,B.沟通工具，实用即可,B.部分是,C.无所谓,B.认同,B.一般，可保留可取代,6,6,D.无所谓（请直接选择此项）,C.无所谓,2,3,A.普通话,,,,,E.基本不用,1,1,,,,,E.几乎没有接触过,B.否,6,1,5,简体中文
132,2025/4/22 09:37,2025/4/22 09:39,139,B.女,C.大三,浙江,湖州,吴兴,A.文科,A.985高校,C.否，来上海时间不满5年,C.否，来上海时间不满5年,7,A.地方语言，应予保护,B.部分是,B.支持,B.认同,B.一般，可保留可取代,5,5,D.无所谓（请直接选择此项）,A.是,4,8,A.普通话,,,,,E.基本不用,1,1,,,,,E.几乎没有接触过,B.否,6,1,5,简体中文
131,2025/4/22 08:56,2025/4/22 08:58,114,B.女,D.大四,福建,厦门,思明,A.文科,A.985高校,C.否，来上海时间不满5年,B.否，但在上海生活超过5年,4,A.地方语言，应予保护,A.是的,C.无所谓,C.不太认同,A.重要，应重视,4,4,C.不愿意,A.是,0,2,A.普通话,,,,,E.基本不用,1,1,,B.上海话电视剧/电影,,,,A.是,5,6,6,简体中文
130,2025/4/22 07:45,2025/4/22 07:48,166,B.女,A.大一,福建,莆田,仙游,D.医科,A.985高校,B.否，但在上海生活超过5年,B.否，但在上海生活超过5年,6,C.方言，逐渐消失是自然现象,B.部分是,C.无所谓,C.不太认同,B.一般，可保留可取代,5,5,D.无所谓（请直接选择此项）,C.无所谓,1,2,A.普通话,,,,,E.基本不用,1,1,,B.上海话电视剧/电影,,,,B.否,5,2,7,简体中文
129,2025/4/22 05:56,2025/4/22 05:58,96,B.女,D.大四,河南,周口,沈丘,D.医科,A.985高校,C.否，来上海时间不满5年,C.否，来上海时间不满5年,7,A.地方语言，应予保护,C.否,C.无所谓,B.认同,A.重要，应重视,7,7,C.不愿意,A.是,0,1,C.其他方言,,,,,E.基本不用,1,1,,,,,E.几乎没有接触过,B.否,7,1,5,简体中文
128,2025/4/22 01:38,2025/4/22 01:41,165,A.男,D.大四,上海,上海,奉贤,A.文科,C.普通本科院校,A.是，在上海出生并长大,A.是，在上海出生并长大,10,A.地方语言，应予保护,B.部分是,A.非常支持,B.认同,A.重要，应重视,10,10,A.愿意,A.是,7,8,A.普通话,A.与家人交流,B.与朋友交流,C.在本地社区或邻里间,D.在工作/兼职中,,7,4,A.上海话配音短视频,B.上海话电视剧/电影,C.上海话广播/音频节目,,,B.否,7,7,6,简体中文
127,2025/4/22 00:58,2025/4/22 01:00,144,A.男,E.研究生,江苏,南京,江宁,B.理科,A.985高校,C.否，来上海时间不满5年,C.否，来上海时间不满5年,9,A.地方语言，应予保护,A.是的,A.非常支持,A.非常认同,A.重要，应重视,9,9,B.看情况,A.是,5,6,A.普通话,,,C.在本地社区或邻里间,,,3,1,A.上海话配音短视频,B.上海话电视剧/电影,,D.上海话学习类内容,,A.是,9,4,7,简体中文
126,2025/4/22 00:37,2025/4/22 00:39,97,A.男,A.大一,内蒙古自治区,赤峰市,敖汉旗,G.其他,A.985高校,C.否，来上海时间不满5年,C.否，来上海时间不满5年,8,A.地方语言，应予保护,C.否,C.无所谓,C.不太认同,B.一般，可保留可取代,8,8,B.看情况,C.无所谓,2,5,A.普通话,,,,,E.基本不用,1,1,A.上海话配音短视频,,,,,B.否,8,1,5,简体中文
125,2025/4/22 00:25,2025/4/22 00:28,221,A.男,D.大四,湖南,湘潭,湘潭,B.理科,A.985高校,C.否，来上海时间不满5年,C.否，来上海时间不满5年,5,B.沟通工具，实用即可,C.否,C.无所谓,C.不太认同,C.不重要,5,5,D.无所谓（请直接选择此项）,C.无所谓,0,1,C.其他方言,,,,,E.基本不用,1,1,,,,,E.几乎没有接触过,B.否,5,1,5,简体中文
124,2025/4/22 00:23,2025/4/22 00:26,214,B.女,E.研究生,,北京,朝阳,E.社科,A.985高校,C.否，来上海时间不满5年,C.否，来上海时间不满5年,3,B.沟通工具，实用即可,A.是的,C.无所谓,C.不太认同,B.一般，可保留可取代,3,5,D.无所谓（请直接选择此项）,C.无所谓,1,2,A.普通话,,,,,E.基本不用,1,1,,,,,E.几乎没有接触过,A.是,4,7,4,简体中文
123,2025/4/21 23:57,2025/4/21 23:59,108,A.男,E.研究生,湖南,长沙,,C.工科,A.985高校,C.否，来上海时间不满5年,C.否，来上海时间不满5年,1,A.地方语言，应予保护,C.否,B.支持,B.认同,B.一般，可保留可取代,1,1,B.看情况,B.否,0,1,A.普通话,,,,,E.基本不用,1,1,,,C.上海话广播/音频节目,,,B.否,1,10,1,简体中文
122,2025/4/21 23:39,2025/4/21 23:41,114,B.女,A.大一,,重庆,云阳县,D.医科,A.985高校,C.否，来上海时间不满5年,C.否，来上海时间不满5年,3,D.无所谓,C.否,D.反对,C.不太认同,B.一般，可保留可取代,4,4,D.无所谓（请直接选择此项）,B.否,2,2,C.其他方言,,,,,E.基本不用,1,1,,,,,E.几乎没有接触过,B.否,4,1,4,简体中文
121,2025/4/21 23:30,2025/4/21 23:31,47,A.男,A.大一,江苏,苏州,常熟,B.理科,C.普通本科院校,A.是，在上海出生并长大,A.是，在上海出生并长大,8,C.方言，逐渐消失是自然现象,D.不清楚,D.反对,C.不太认同,C.不重要,7,9,A.愿意,B.否,9,9,B.上海话,A.与家人交流,,C.在本地社区或邻里间,D.在工作/兼职中,,7,8,A.上海话配音短视频,B.上海话电视剧/电影,C.上海话广播/音频节目,,,A.是,8,8,8,简体中文
120,2025/4/21 23:17,2025/4/21 23:18,79,B.女,E.研究生,云南,昆明,五华,D.医科,A.985高校,B.否，但在上海生活超过5年,C.否，来上海时间不满5年,10,A.地方语言，应予保护,A.是的,A.非常支持,A.非常认同,A.重要，应重视,10,10,A.愿意,A.是,5,7,A.普通话,,,C.在本地社区或邻里间,D.在工作/兼职中,,4,4,A.上海话配音短视频,B.上海话电视剧/电影,,,,A.是,9,4,8,简体中文
119,2025/4/21 23:12,2025/4/21 23:14,120,B.女,D.大四,辽宁,大连,中山,D.医科,A.985高校,C.否，来上海时间不满5年,C.否，来上海时间不满5年,5,B.沟通工具，实用即可,D.不清楚,C.无所谓,B.认同,D.难说,5,5,D.无所谓（请直接选择此项）,C.无所谓,0,1,B.上海话,,,,,E.基本不用,1,1,A.上海话配音短视频,,,,,B.否,5,6,7,简体中文
118,2025/4/21 23:11,2025/4/21 23:13,122,B.女,A.大一,上海,上海,静安,B.理科,A.985高校,A.是，在上海出生并长大,B.否，但在上海生活超过5年,7,B.沟通工具，实用即可,B.部分是,C.无所谓,B.认同,B.一般，可保留可取代,5,6,D.无所谓（请直接选择此项）,C.无所谓,5,6,A.普通话,,,,,E.基本不用,1,2,,,,,E.几乎没有接触过,B.否,5,3,5,简体中文
117,2025/4/21 22:57,2025/4/21 23:00,204,A.男,A.大一,,上海,浦东新,B.理科,C.普通本科院校,A.是，在上海出生并长大,A.是，在上海出生并长大,5,B.沟通工具，实用即可,C.否,C.无所谓,B.认同,B.一般，可保留可取代,5,5,D.无所谓（请直接选择此项）,C.无所谓,8,9,A.普通话,,,C.在本地社区或邻里间,,,3,4,,,C.上海话广播/音频节目,,,A.是,3,5,5,简体中文
116,2025/4/21 22:54,2025/4/21 22:56,139,B.女,D.大四,,上海,奉贤,B.理科,A.985高校,A.是，在上海出生并长大,A.是，在上海出生并长大,10,A.地方语言，应予保护,A.是的,A.非常支持,A.非常认同,A.重要，应重视,10,10,A.愿意,A.是,9,10,B.上海话,A.与家人交流,,,,,5,3,A.上海话配音短视频,B.上海话电视剧/电影,,,,B.否,8,1,5,简体中文
115,2025/4/21 22:50,2025/4/21 22:53,154,B.女,D.大四,,上海,奉贤,A.文科,C.普通本科院校,A.是，在上海出生并长大,A.是，在上海出生并长大,10,A.地方语言，应予保护,B.部分是,B.支持,B.认同,A.重要，应重视,10,10,A.愿意,A.是,7,10,A.普通话,,,,,E.基本不用,3,5,A.上海话配音短视频,B.上海话电视剧/电影,,,,A.是,10,5,10,简体中文
114,2025/4/21 22:50,2025/4/21 22:51,91,B.女,D.大四,,上海,宝山,B.理科,A.985高校,A.是，在上海出生并长大,A.是，在上海出生并长大,10,A.地方语言，应予保护,A.是的,B.支持,A.非常认同,A.重要，应重视,9,10,D.无所谓（请直接选择此项）,A.是,8,9,B.上海话,A.与家人交流,,C.在本地社区或邻里间,,,8,3,A.上海话配音短视频,B.上海话电视剧/电影,C.上海话广播/音频节目,D.上海话学习类内容,,A.是,8,4,6,简体中文
113,2025/4/21 22:41,2025/4/21 22:43,73,B.女,D.大四,江苏,泰州,高港,C.工科,A.985高校,C.否，来上海时间不满5年,C.否，来上海时间不满5年,3,C.方言，逐渐消失是自然现象,C.否,C.无所谓,C.不太认同,B.一般，可保留可取代,6,6,D.无所谓（请直接选择此项）,A.是,0,1,C.其他方言,,,,,E.基本不用,1,1,A.上海话配音短视频,B.上海话电视剧/电影,,,,B.否,5,1,6,简体中文
112,2025/4/21 22:41,2025/4/21 22:42,59,B.女,B.大二,山东,济南,威少,A.文科,A.985高校,B.否，但在上海生活超过5年,B.否，但在上海生活超过5年,7,A.地方语言，应予保护,C.否,C.无所谓,C.不太认同,C.不重要,3,6,D.无所谓（请直接选择此项）,C.无所谓,5,4,C.其他方言,,,C.在本地社区或邻里间,,,6,1,,B.上海话电视剧/电影,,,,A.是,6,6,3,简体中文
111,2025/4/21 22:36,2025/4/21 22:39,190,B.女,B.大二,广西,柳州,柳南,C.工科,A.985高校,C.否，来上海时间不满5年,C.否，来上海时间不满5年,4,A.地方语言，应予保护,A.是的,C.无所谓,C.不太认同,A.重要，应重视,5,5,D.无所谓（请直接选择此项）,C.无所谓,1,1,A.普通话,A.与家人交流,,,,,1,1,,,,,E.几乎没有接触过,B.否,5,5,7,简体中文
110,2025/4/21 22:34,2025/4/21 22:36,116,B.女,D.大四,浙江,丽水,松阳,A.文科,A.985高校,C.否，来上海时间不满5年,C.否，来上海时间不满5年,7,A.地方语言，应予保护,B.部分是,B.支持,B.认同,D.难说,6,7,A.愿意,A.是,1,5,C.其他方言,,,,,E.基本不用,1,1,A.上海话配音短视频,B.上海话电视剧/电影,,,,B.否,7,3,6,简体中文
109,2025/4/21 22:33,2025/4/21 22:35,88,B.女,E.研究生,辽宁,,,B.理科,A.985高校,C.否，来上海时间不满5年,C.否，来上海时间不满5年,5,C.方言，逐渐消失是自然现象,A.是的,C.无所谓,C.不太认同,B.一般，可保留可取代,5,5,B.看情况,C.无所谓,5,3,A.普通话,,,,,E.基本不用,1,1,A.上海话配音短视频,B.上海话电视剧/电影,,,,A.是,6,8,4,简体中文
108,2025/4/21 22:31,2025/4/21 22:33,124,A.男,D.大四,,上海,奉贤,B.理科,C.普通本科院校,A.是，在上海出生并长大,A.是，在上海出生并长大,3,C.方言，逐渐消失是自然现象,C.否,C.无所谓,C.不太认同,B.一般，可保留可取代,1,1,B.看情况,C.无所谓,0,10,A.普通话,,,,,E.基本不用,1,1,A.上海话配音短视频,,C.上海话广播/音频节目,D.上海话学习类内容,,B.否,1,10,5,简体中文
107,2025/4/21 22:27,2025/4/21 22:30,138,B.女,B.大二,上海,上海,杨浦,C.工科,A.985高校,A.是，在上海出生并长大,B.否，但在上海生活超过5年,7,A.地方语言，应予保护,B.部分是,B.支持,C.不太认同,B.一般，可保留可取代,6,6,B.看情况,C.无所谓,6,7,A.普通话,A.与家人交流,,C.在本地社区或邻里间,,,5,3,,B.上海话电视剧/电影,,,,B.否,6,5,6,简体中文
106,2025/4/21 22:24,2025/4/21 22:27,184,B.女,D.大四,,上海,奉贤,A.文科,C.普通本科院校,A.是，在上海出生并长大,A.是，在上海出生并长大,2,A.地方语言，应予保护,B.部分是,B.支持,B.认同,A.重要，应重视,2,9,D.无所谓（请直接选择此项）,A.是,7,10,A.普通话,,,,,E.基本不用,3,2,A.上海话配音短视频,B.上海话电视剧/电影,,,,A.是,8,1,8,简体中文
105,2025/4/21 22:22,2025/4/21 22:24,106,B.女,A.大一,广东,广州,天河,E.社科,A.985高校,C.否，来上海时间不满5年,C.否，来上海时间不满5年,6,B.沟通工具，实用即可,D.不清楚,B.支持,C.不太认同,B.一般，可保留可取代,8,10,D.无所谓（请直接选择此项）,A.是,0,1,A.普通话,,,,,E.基本不用,1,1,A.上海话配音短视频,,,,,B.否,5,1,8,简体中文
104,2025/4/21 21:38,2025/4/21 22:19,2451,A.男,A.大一,上海,上海,奉贤,B.理科,C.普通本科院校,A.是，在上海出生并长大,A.是，在上海出生并长大,8,B.沟通工具，实用即可,A.是的,A.非常支持,B.认同,A.重要，应重视,8,8,A.愿意,A.是,5,8,A.普通话,A.与家人交流,B.与朋友交流,,,,5,5,A.上海话配音短视频,B.上海话电视剧/电影,,,,A.是,8,5,7,简体中文
103,2025/4/21 22:14,2025/4/21 22:17,204,B.女,A.大一,浙江,宁波,镇海,A.文科,A.985高校,C.否，来上海时间不满5年,C.否，来上海时间不满5年,8,B.沟通工具，实用即可,A.是的,C.无所谓,C.不太认同,B.一般，可保留可取代,5,8,D.无所谓（请直接选择此项）,B.否,0,1,A.普通话,,,,,E.基本不用,1,1,,,,,E.几乎没有接触过,B.否,7,1,6,简体中文
102,2025/4/21 22:13,2025/4/21 22:15,127,B.女,D.大四,上海,上海,奉贤,A.文科,C.普通本科院校,A.是，在上海出生并长大,A.是，在上海出生并长大,10,A.地方语言，应予保护,A.是的,C.无所谓,B.认同,A.重要，应重视,8,10,A.愿意,C.无所谓,6,10,A.普通话,A.与家人交流,,C.在本地社区或邻里间,D.在工作/兼职中,,7,5,,,,,E.几乎没有接触过,B.否,6,7,9,简体中文
101,2025/4/21 22:12,2025/4/21 22:14,99,B.女,C.大三,江西,赣州,于都,A.文科,A.985高校,C.否，来上海时间不满5年,C.否，来上海时间不满5年,5,A.地方语言，应予保护,B.部分是,C.无所谓,D.完全不认同,B.一般，可保留可取代,5,5,C.不愿意,B.否,0,4,A.普通话,,,,,E.基本不用,1,1,A.上海话配音短视频,,,,,B.否,5,1,3,简体中文
100,2025/4/21 22:11,2025/4/21 22:13,110,B.女,D.大四,,上海,闵行,A.文科,A.985高校,B.否，但在上海生活超过5年,B.否，但在上海生活超过5年,6,B.沟通工具，实用即可,A.是的,D.反对,C.不太认同,B.一般，可保留可取代,6,7,C.不愿意,A.是,7,9,A.普通话,,,,D.在工作/兼职中,,4,3,A.上海话配音短视频,,,,,A.是,5,8,8,简体中文
99,2025/4/21 22:10,2025/4/21 22:11,107,B.女,B.大二,四川,泸州,合江,E.社科,A.985高校,C.否，来上海时间不满5年,C.否，来上海时间不满5年,8,A.地方语言，应予保护,B.部分是,B.支持,B.认同,A.重要，应重视,7,9,B.看情况,A.是,0,2,C.其他方言,,,,,E.基本不用,1,1,A.上海话配音短视频,,,,,B.否,8,1,6,简体中文
98,2025/4/21 22:05,2025/4/21 22:08,211,B.女,C.大三,云南,红河（州）,石屏,A.文科,A.985高校,C.否，来上海时间不满5年,C.否，来上海时间不满5年,4,D.无所谓,B.部分是,C.无所谓,D.完全不认同,B.一般，可保留可取代,6,5,D.无所谓（请直接选择此项）,B.否,0,1,D.外语,,,,,E.基本不用,1,1,,,C.上海话广播/音频节目,,E.几乎没有接触过,B.否,5,3,7,简体中文
97,2025/4/21 22:04,2025/4/21 22:08,225,B.女,D.大四,福建,厦门,思明,A.文科,A.985高校,C.否，来上海时间不满5年,C.否，来上海时间不满5年,6,A.地方语言，应予保护,A.是的,B.支持,B.认同,A.重要，应重视,6,2,D.无所谓（请直接选择此项）,C.无所谓,5,5,A.普通话,,,,,E.基本不用,1,2,A.上海话配音短视频,B.上海话电视剧/电影,,,,A.是,8,8,8,简体中文
96,2025/4/21 22:06,2025/4/21 22:07,80,B.女,D.大四,浙江,杭州,钱塘,A.文科,A.985高校,C.否，来上海时间不满5年,C.否，来上海时间不满5年,7,A.地方语言，应予保护,B.部分是,A.非常支持,A.非常认同,A.重要，应重视,8,8,A.愿意,A.是,1,5,C.其他方言,,,,,E.基本不用,1,1,A.上海话配音短视频,,,,,A.是,8,1,3,简体中文
95,2025/4/21 22:03,2025/4/21 22:07,241,B.女,D.大四,上海,上海,奉贤,C.工科,C.普通本科院校,A.是，在上海出生并长大,A.是，在上海出生并长大,8,B.沟通工具，实用即可,B.部分是,B.支持,B.认同,B.一般，可保留可取代,7,8,D.无所谓（请直接选择此项）,C.无所谓,7,9,B.上海话,A.与家人交流,,C.在本地社区或邻里间,,,8,1,A.上海话配音短视频,,,,,A.是,10,1,8,简体中文
94,2025/4/21 22:02,2025/4/21 22:03,102,B.女,A.大一,上海,上海,静安,B.理科,A.985高校,C.否，来上海时间不满5年,B.否，但在上海生活超过5年,5,A.地方语言，应予保护,B.部分是,A.非常支持,C.不太认同,C.不重要,5,5,D.无所谓（请直接选择此项）,C.无所谓,3,6,A.普通话,,,,,E.基本不用,3,3,,B.上海话电视剧/电影,,,,A.是,7,6,8,简体中文
93,2025/4/21 22:00,2025/4/21 22:02,112,B.女,D.大四,新疆,乌鲁木齐,新市,A.文科,A.985高校,C.否，来上海时间不满5年,C.否，来上海时间不满5年,5,D.无所谓,B.部分是,C.无所谓,B.认同,D.难说,3,2,D.无所谓（请直接选择此项）,C.无所谓,5,5,A.普通话,,,,,E.基本不用,1,1,A.上海话配音短视频,,,,,A.是,7,7,8,简体中文
92,2025/4/21 21:55,2025/4/21 21:57,126,B.女,B.大二,四川,泸州,叙永,D.医科,A.985高校,C.否，来上海时间不满5年,C.否，来上海时间不满5年,7,B.沟通工具，实用即可,B.部分是,B.支持,B.认同,B.一般，可保留可取代,6,7,D.无所谓（请直接选择此项）,A.是,0,2,C.其他方言,,,,,E.基本不用,1,1,A.上海话配音短视频,B.上海话电视剧/电影,,,,B.否,7,4,8,简体中文
91,2025/4/21 21:49,2025/4/21 21:52,153,C.其他,A.大一,浙江,嘉兴,嘉善,C.工科,A.985高校,C.否，来上海时间不满5年,C.否，来上海时间不满5年,7,B.沟通工具，实用即可,B.部分是,B.支持,B.认同,B.一般，可保留可取代,7,9,D.无所谓（请直接选择此项）,C.无所谓,7,8,A.普通话,,,,,E.基本不用,3,1,,B.上海话电视剧/电影,C.上海话广播/音频节目,,,B.否,6,1,7,简体中文
90,2025/4/21 21:44,2025/4/21 21:46,105,B.女,A.大一,上海,,,A.文科,C.普通本科院校,A.是，在上海出生并长大,A.是，在上海出生并长大,8,C.方言，逐渐消失是自然现象,D.不清楚,B.支持,B.认同,B.一般，可保留可取代,10,10,B.看情况,A.是,5,10,A.普通话,,,,,E.基本不用,3,3,A.上海话配音短视频,B.上海话电视剧/电影,C.上海话广播/音频节目,D.上海话学习类内容,,A.是,10,1,5,简体中文
89,2025/4/21 21:42,2025/4/21 21:44,123,A.男,A.大一,江苏,南京,六合,B.理科,C.普通本科院校,C.否，来上海时间不满5年,C.否，来上海时间不满5年,1,C.方言，逐渐消失是自然现象,C.否,D.反对,D.完全不认同,B.一般，可保留可取代,1,1,D.无所谓（请直接选择此项）,B.否,0,1,C.其他方言,,,,,E.基本不用,1,1,,,,,E.几乎没有接触过,B.否,1,1,1,简体中文
88,2025/4/21 21:39,2025/4/21 21:41,86,A.男,C.大三,江苏,镇江,丹阳市,B.理科,A.985高校,C.否，来上海时间不满5年,C.否，来上海时间不满5年,8,A.地方语言，应予保护,B.部分是,C.无所谓,D.完全不认同,C.不重要,6,9,C.不愿意,B.否,6,9,C.其他方言,,,C.在本地社区或邻里间,,,2,1,,B.上海话电视剧/电影,,D.上海话学习类内容,,A.是,8,1,1,简体中文
87,2025/4/21 21:33,2025/4/21 21:35,109,B.女,C.大三,河南,郑州,金水,D.医科,A.985高校,C.否，来上海时间不满5年,C.否，来上海时间不满5年,5,A.地方语言，应予保护,B.部分是,C.无所谓,C.不太认同,A.重要，应重视,5,6,D.无所谓（请直接选择此项）,A.是,0,2,C.其他方言,A.与家人交流,B.与朋友交流,C.在本地社区或邻里间,,,1,1,A.上海话配音短视频,B.上海话电视剧/电影,,,,B.否,5,1,4,简体中文
86,2025/4/21 21:31,2025/4/21 21:33,120,A.男,E.研究生,福建,厦门,海沧,B.理科,A.985高校,B.否，但在上海生活超过5年,B.否，但在上海生活超过5年,4,A.地方语言，应予保护,B.部分是,A.非常支持,B.认同,A.重要，应重视,4,6,D.无所谓（请直接选择此项）,A.是,2,6,A.普通话,,,,,E.基本不用,2,2,A.上海话配音短视频,B.上海话电视剧/电影,C.上海话广播/音频节目,D.上海话学习类内容,,B.否,6,4,3,简体中文
85,2025/4/21 21:31,2025/4/21 21:32,56,A.男,A.大一,上海市,,奉贤区,B.理科,C.普通本科院校,A.是，在上海出生并长大,A.是，在上海出生并长大,10,A.地方语言，应予保护,A.是的,A.非常支持,A.非常认同,A.重要，应重视,10,10,A.愿意,A.是,8,8,A.普通话,A.与家人交流,,,,,8,8,A.上海话配音短视频,B.上海话电视剧/电影,,D.上海话学习类内容,,A.是,10,4,10,简体中文
84,2025/4/21 21:29,2025/4/21 21:30,88,B.女,B.大二,湖北,武汉,洪山,A.文科,A.985高校,C.否，来上海时间不满5年,C.否，来上海时间不满5年,10,A.地方语言，应予保护,A.是的,B.支持,C.不太认同,A.重要，应重视,6,8,D.无所谓（请直接选择此项）,A.是,2,6,A.普通话,,,,,E.基本不用,2,1,A.上海话配音短视频,B.上海话电视剧/电影,,D.上海话学习类内容,,A.是,6,5,4,简体中文
83,2025/4/21 21:21,2025/4/21 21:29,475,A.男,A.大一,江苏,苏州,相成,B.理科,C.普通本科院校,C.否，来上海时间不满5年,C.否，来上海时间不满5年,10,A.地方语言，应予保护,A.是的,A.非常支持,A.非常认同,A.重要，应重视,10,10,A.愿意,A.是,10,10,A.普通话,A.与家人交流,,,,,10,10,A.上海话配音短视频,,,,,A.是,10,10,10,简体中文
82,2025/4/21 21:25,2025/4/21 21:28,197,B.女,B.大二,浙江,丽水,遂昌,C.工科,C.普通本科院校,B.否，但在上海生活超过5年,B.否，但在上海生活超过5年,4,B.沟通工具，实用即可,B.部分是,D.反对,B.认同,B.一般，可保留可取代,3,8,A.愿意,B.否,5,4,A.普通话,,,C.在本地社区或邻里间,,E.基本不用,2,1,A.上海话配音短视频,,,,,A.是,10,3,3,简体中文
81,2025/4/21 21:26,2025/4/21 21:28,90,A.男,C.大三,上海,上海,嘉定,C.工科,A.985高校,A.是，在上海出生并长大,A.是，在上海出生并长大,10,A.地方语言，应予保护,A.是的,C.无所谓,C.不太认同,B.一般，可保留可取代,6,10,D.无所谓（请直接选择此项）,B.否,8,8,A.普通话,A.与家人交流,B.与朋友交流,C.在本地社区或邻里间,,,5,1,A.上海话配音短视频,B.上海话电视剧/电影,C.上海话广播/音频节目,D.上海话学习类内容,,B.否,5,1,4,简体中文
80,2025/4/21 21:25,2025/4/21 21:27,160,A.男,B.大二,湖南,长沙,雨花,C.工科,A.985高校,C.否，来上海时间不满5年,C.否，来上海时间不满5年,8,A.地方语言，应予保护,A.是的,B.支持,C.不太认同,A.重要，应重视,4,4,D.无所谓（请直接选择此项）,A.是,0,4,A.普通话,,,,,E.基本不用,1,1,A.上海话配音短视频,B.上海话电视剧/电影,,,,A.是,6,5,4,简体中文
79,2025/4/21 21:22,2025/4/21 21:24,121,A.男,A.大一,上海,上海,浦东新,C.工科,C.普通本科院校,A.是，在上海出生并长大,A.是，在上海出生并长大,9,A.地方语言，应予保护,B.部分是,B.支持,B.认同,A.重要，应重视,7,7,A.愿意,A.是,7,8,B.上海话,A.与家人交流,B.与朋友交流,,,,5,3,A.上海话配音短视频,B.上海话电视剧/电影,C.上海话广播/音频节目,D.上海话学习类内容,,A.是,10,3,8,简体中文
78,2025/4/21 21:20,2025/4/21 21:23,165,A.男,A.大一,福建,厦门,集美,C.工科,C.普通本科院校,A.是，在上海出生并长大,B.否，但在上海生活超过5年,8,A.地方语言，应予保护,B.部分是,C.无所谓,B.认同,D.难说,5,5,A.愿意,C.无所谓,10,1,A.普通话,A.与家人交流,,,,,1,1,,,,,E.几乎没有接触过,B.否,5,5,5,简体中文
77,2025/4/21 21:19,2025/4/21 21:23,195,A.男,D.大四,,上海市,奉贤,G.其他,C.普通本科院校,A.是，在上海出生并长大,A.是，在上海出生并长大,8,C.方言，逐渐消失是自然现象,B.部分是,B.支持,B.认同,A.重要，应重视,8,8,B.看情况,A.是,9,9,B.上海话,A.与家人交流,B.与朋友交流,,,,8,8,A.上海话配音短视频,,,,,A.是,8,2,7,简体中文
76,2025/4/21 21:20,2025/4/21 21:22,133,A.男,B.大二,湖南,湘潭,湘潭,C.工科,A.985高校,C.否，来上海时间不满5年,C.否，来上海时间不满5年,7,A.地方语言，应予保护,B.部分是,B.支持,C.不太认同,A.重要，应重视,6,8,B.看情况,A.是,0,2,A.普通话,,,,,E.基本不用,1,1,A.上海话配音短视频,,C.上海话广播/音频节目,,,B.否,6,5,4,简体中文
75,2025/4/21 21:21,2025/4/21 21:22,59,A.男,C.大三,上海,上海,奉贤,F.艺术类,C.普通本科院校,A.是，在上海出生并长大,A.是，在上海出生并长大,10,A.地方语言，应予保护,A.是的,A.非常支持,A.非常认同,A.重要，应重视,10,10,A.愿意,A.是,4,10,B.上海话,A.与家人交流,,,,,5,6,,,C.上海话广播/音频节目,,,A.是,6,5,5,简体中文
74,2025/4/21 21:21,2025/4/21 21:22,70,A.男,A.大一,上海市,上海,奉贤,F.艺术类,A.985高校,A.是，在上海出生并长大,A.是，在上海出生并长大,10,A.地方语言，应予保护,A.是的,A.非常支持,A.非常认同,A.重要，应重视,10,10,A.愿意,A.是,10,10,A.普通话,A.与家人交流,B.与朋友交流,,,,7,7,A.上海话配音短视频,B.上海话电视剧/电影,C.上海话广播/音频节目,D.上海话学习类内容,,A.是,10,5,10,简体中文
73,2025/4/21 21:19,2025/4/21 21:21,110,B.女,A.大一,上海市,上海市,闵行区,G.其他,E.其他,B.否，但在上海生活超过5年,B.否，但在上海生活超过5年,10,A.地方语言，应予保护,C.否,C.无所谓,C.不太认同,D.难说,5,5,A.愿意,B.否,0,1,A.普通话,,,,,E.基本不用,1,1,,,,,E.几乎没有接触过,B.否,5,1,1,简体中文
72,2025/4/21 21:19,2025/4/21 21:20,75,A.男,A.大一,,重庆,开州,D.医科,A.985高校,C.否，来上海时间不满5年,C.否，来上海时间不满5年,5,B.沟通工具，实用即可,B.部分是,C.无所谓,C.不太认同,C.不重要,5,4,C.不愿意,B.否,0,1,C.其他方言,,,,,E.基本不用,1,1,,,,,E.几乎没有接触过,B.否,5,1,5,简体中文
71,2025/4/21 21:18,2025/4/21 21:20,106,B.女,A.大一,上海,上海,奉贤,A.文科,C.普通本科院校,A.是，在上海出生并长大,A.是，在上海出生并长大,8,A.地方语言，应予保护,B.部分是,A.非常支持,B.认同,B.一般，可保留可取代,9,9,A.愿意,A.是,6,8,A.普通话,A.与家人交流,,,,,5,3,A.上海话配音短视频,B.上海话电视剧/电影,,D.上海话学习类内容,,A.是,10,7,8,简体中文
70,2025/4/21 21:16,2025/4/21 21:19,187,B.女,D.大四,湖北,荆州,松滋,A.文科,A.985高校,C.否，来上海时间不满5年,C.否，来上海时间不满5年,8,A.地方语言，应予保护,B.部分是,A.非常支持,A.非常认同,A.重要，应重视,8,8,B.看情况,C.无所谓,1,3,A.普通话,,,,,E.基本不用,1,1,,B.上海话电视剧/电影,C.上海话广播/音频节目,,,A.是,6,1,7,简体中文
69,2025/4/21 21:16,2025/4/21 21:19,182,A.男,A.大一,上海,上海,闵行,C.工科,C.普通本科院校,A.是，在上海出生并长大,A.是，在上海出生并长大,10,A.地方语言，应予保护,A.是的,A.非常支持,A.非常认同,A.重要，应重视,9,9,A.愿意,A.是,8,8,B.上海话,A.与家人交流,,,,,8,9,A.上海话配音短视频,,,,,A.是,9,9,9,简体中文
68,2025/4/21 21:18,2025/4/21 21:19,78,B.女,A.大一,江苏,苏州,吴中,A.文科,A.985高校,C.否，来上海时间不满5年,C.否，来上海时间不满5年,7,A.地方语言，应予保护,A.是的,B.支持,B.认同,A.重要，应重视,7,7,B.看情况,A.是,7,8,A.普通话,,,,,E.基本不用,3,3,A.上海话配音短视频,B.上海话电视剧/电影,,,,A.是,7,3,5,简体中文
67,2025/4/21 21:17,2025/4/21 21:19,98,A.男,D.大四,上海,上海,奉贤,C.工科,A.985高校,A.是，在上海出生并长大,A.是，在上海出生并长大,9,B.沟通工具，实用即可,B.部分是,C.无所谓,B.认同,B.一般，可保留可取代,8,9,D.无所谓（请直接选择此项）,C.无所谓,5,8,A.普通话,A.与家人交流,B.与朋友交流,,,,6,2,A.上海话配音短视频,,,,,B.否,7,1,7,简体中文
66,2025/4/21 21:16,2025/4/21 21:18,114,A.男,C.大三,上海,上海,浦东新,C.工科,B.211高校,A.是，在上海出生并长大,A.是，在上海出生并长大,8,A.地方语言，应予保护,B.部分是,C.无所谓,C.不太认同,A.重要，应重视,8,7,D.无所谓（请直接选择此项）,A.是,6,7,A.普通话,,,,,E.基本不用,1,1,,B.上海话电视剧/电影,C.上海话广播/音频节目,,,B.否,3,2,7,简体中文
65,2025/4/21 21:14,2025/4/21 21:18,189,B.女,D.大四,江苏,无锡,,A.文科,A.985高校,C.否，来上海时间不满5年,C.否，来上海时间不满5年,8,A.地方语言，应予保护,A.是的,B.支持,B.认同,A.重要，应重视,5,8,D.无所谓（请直接选择此项）,A.是,0,1,C.其他方言,,,,,E.基本不用,1,1,,B.上海话电视剧/电影,,,,A.是,7,5,7,简体中文
64,2025/4/21 21:13,2025/4/21 21:15,95,A.男,A.大一,江苏,镇江,扬中,C.工科,C.普通本科院校,C.否，来上海时间不满5年,C.否，来上海时间不满5年,5,D.无所谓,B.部分是,C.无所谓,C.不太认同,B.一般，可保留可取代,3,5,D.无所谓（请直接选择此项）,C.无所谓,0,1,A.普通话,,,,,E.基本不用,1,1,A.上海话配音短视频,,,,,B.否,3,1,1,简体中文
63,2025/4/21 21:13,2025/4/21 21:15,111,B.女,A.大一,上海,上海,上海,A.文科,C.普通本科院校,A.是，在上海出生并长大,A.是，在上海出生并长大,10,A.地方语言，应予保护,A.是的,A.非常支持,A.非常认同,A.重要，应重视,7,10,A.愿意,A.是,7,8,B.上海话,A.与家人交流,B.与朋友交流,,,,8,6,A.上海话配音短视频,,C.上海话广播/音频节目,D.上海话学习类内容,,A.是,7,1,7,简体中文
62,2025/4/21 21:11,2025/4/21 21:15,206,A.男,A.大一,上海,上海,普陀,B.理科,C.普通本科院校,B.否，但在上海生活超过5年,B.否，但在上海生活超过5年,5,A.地方语言，应予保护,B.部分是,C.无所谓,C.不太认同,B.一般，可保留可取代,5,5,D.无所谓（请直接选择此项）,C.无所谓,5,5,A.普通话,,,,,E.基本不用,5,5,A.上海话配音短视频,B.上海话电视剧/电影,C.上海话广播/音频节目,,,A.是,5,5,5,简体中文
61,2025/4/21 21:12,2025/4/21 21:14,159,A.男,A.大一,江苏,南京,江北新区,C.工科,C.普通本科院校,B.否，但在上海生活超过5年,B.否，但在上海生活超过5年,4,B.沟通工具，实用即可,C.否,D.反对,D.完全不认同,B.一般，可保留可取代,4,4,C.不愿意,B.否,0,1,A.普通话,,,,,E.基本不用,1,1,,,,,E.几乎没有接触过,B.否,1,1,1,简体中文
60,2025/4/21 21:13,2025/4/21 21:14,78,A.男,D.大四,浙江,杭州,西湖,B.理科,A.985高校,C.否，来上海时间不满5年,C.否，来上海时间不满5年,8,A.地方语言，应予保护,A.是的,A.非常支持,B.认同,A.重要，应重视,7,5,D.无所谓（请直接选择此项）,A.是,5,5,A.普通话,,,C.在本地社区或邻里间,,,5,2,,B.上海话电视剧/电影,,D.上海话学习类内容,,B.否,5,1,8,简体中文
59,2025/4/21 21:11,2025/4/21 21:12,95,A.男,E.研究生,山西,临汾,尧都,C.工科,A.985高校,C.否，来上海时间不满5年,C.否，来上海时间不满5年,7,A.地方语言，应予保护,C.否,B.支持,C.不太认同,B.一般，可保留可取代,6,5,D.无所谓（请直接选择此项）,B.否,4,3,A.普通话,,,,,E.基本不用,2,2,,,,,E.几乎没有接触过,B.否,5,1,7,简体中文
58,2025/4/21 20:59,2025/4/21 21:10,647,A.男,A.大一,,上海,奉贤,B.理科,C.普通本科院校,B.否，但在上海生活超过5年,B.否，但在上海生活超过5年,6,A.地方语言，应予保护,B.部分是,B.支持,A.非常认同,A.重要，应重视,6,5,A.愿意,C.无所谓,1,4,A.普通话,,,,,E.基本不用,1,1,,B.上海话电视剧/电影,,,,A.是,5,1,6,简体中文
57,2025/4/21 21:07,2025/4/21 21:09,135,B.女,A.大一,上海,上海,松江,B.理科,A.985高校,A.是，在上海出生并长大,A.是，在上海出生并长大,5,B.沟通工具，实用即可,B.部分是,C.无所谓,B.认同,B.一般，可保留可取代,5,5,D.无所谓（请直接选择此项）,C.无所谓,3,9,A.普通话,,,,,E.基本不用,2,1,A.上海话配音短视频,B.上海话电视剧/电影,C.上海话广播/音频节目,,,B.否,3,1,3,简体中文
56,2025/4/21 21:06,2025/4/21 21:08,124,A.男,A.大一,上海市,上海市,徐汇区,A.文科,C.普通本科院校,A.是，在上海出生并长大,B.否，但在上海生活超过5年,10,A.地方语言，应予保护,B.部分是,B.支持,A.非常认同,A.重要，应重视,8,8,A.愿意,A.是,6,8,A.普通话,,,,,E.基本不用,1,1,,B.上海话电视剧/电影,,,,A.是,8,3,5,简体中文
55,2025/4/21 21:06,2025/4/21 21:08,104,B.女,C.大三,北京,北京,海淀,C.工科,A.985高校,C.否，来上海时间不满5年,C.否，来上海时间不满5年,2,C.方言，逐渐消失是自然现象,C.否,D.反对,D.完全不认同,C.不重要,1,1,D.无所谓（请直接选择此项）,B.否,0,1,A.普通话,,,,,E.基本不用,1,1,,,,,E.几乎没有接触过,B.否,1,6,6,简体中文
54,2025/4/21 21:05,2025/4/21 21:08,168,A.男,A.大一,,上海市,奉贤区,C.工科,C.普通本科院校,A.是，在上海出生并长大,A.是，在上海出生并长大,10,A.地方语言，应予保护,A.是的,A.非常支持,A.非常认同,A.重要，应重视,10,10,D.无所谓（请直接选择此项）,A.是,8,9,B.上海话,A.与家人交流,B.与朋友交流,C.在本地社区或邻里间,,,5,1,,,,,E.几乎没有接触过,A.是,10,1,5,简体中文
53,2025/4/21 21:05,2025/4/21 21:07,116,A.男,B.大二,浙江,杭州,西湖,C.工科,A.985高校,C.否，来上海时间不满5年,C.否，来上海时间不满5年,6,B.沟通工具，实用即可,B.部分是,C.无所谓,C.不太认同,B.一般，可保留可取代,5,7,D.无所谓（请直接选择此项）,C.无所谓,7,8,A.普通话,A.与家人交流,,C.在本地社区或邻里间,,,3,1,A.上海话配音短视频,,,,,B.否,4,3,6,简体中文
52,2025/4/21 21:03,2025/4/21 21:07,230,A.男,D.大四,上海,上海,宝山,B.理科,C.普通本科院校,A.是，在上海出生并长大,A.是，在上海出生并长大,10,A.地方语言，应予保护,C.否,B.支持,A.非常认同,B.一般，可保留可取代,9,10,A.愿意,C.无所谓,10,10,B.上海话,A.与家人交流,,C.在本地社区或邻里间,,,10,1,A.上海话配音短视频,B.上海话电视剧/电影,C.上海话广播/音频节目,,,A.是,6,1,6,简体中文
51,2025/4/21 21:03,2025/4/21 21:05,123,A.男,A.大一,,上海,闵行,C.工科,C.普通本科院校,A.是，在上海出生并长大,B.否，但在上海生活超过5年,10,B.沟通工具，实用即可,B.部分是,B.支持,C.不太认同,B.一般，可保留可取代,8,8,B.看情况,A.是,7,10,A.普通话,A.与家人交流,,,,,3,1,,B.上海话电视剧/电影,C.上海话广播/音频节目,,,B.否,10,1,3,简体中文
50,2025/4/21 21:01,2025/4/21 21:03,120,B.女,A.大一,江西,南昌,,D.医科,A.985高校,C.否，来上海时间不满5年,C.否，来上海时间不满5年,5,D.无所谓,B.部分是,D.反对,C.不太认同,D.难说,3,6,D.无所谓（请直接选择此项）,B.否,0,1,A.普通话,,,,,E.基本不用,1,1,A.上海话配音短视频,,,,,B.否,5,7,7,简体中文
49,2025/4/21 20:58,2025/4/21 21:03,257,A.男,A.大一,辽宁省,沈阳市,皇姑区,B.理科,C.普通本科院校,C.否，来上海时间不满5年,C.否，来上海时间不满5年,5,B.沟通工具，实用即可,B.部分是,C.无所谓,C.不太认同,B.一般，可保留可取代,5,5,B.看情况,C.无所谓,1,2,A.普通话,,B.与朋友交流,,,,2,1,,,,,E.几乎没有接触过,B.否,2,2,1,简体中文
48,2025/4/21 21:00,2025/4/21 21:02,88,B.女,D.大四,浙江,绍兴,嵊州,E.社科,A.985高校,C.否，来上海时间不满5年,C.否，来上海时间不满5年,8,B.沟通工具，实用即可,B.部分是,C.无所谓,B.认同,D.难说,5,7,D.无所谓（请直接选择此项）,A.是,1,6,A.普通话,,,,,E.基本不用,1,2,A.上海话配音短视频,,C.上海话广播/音频节目,,,B.否,6,6,7,简体中文
47,2025/4/21 20:58,2025/4/21 21:01,227,A.男,A.大一,,上海,奉贤区,C.工科,C.普通本科院校,C.否，来上海时间不满5年,C.否，来上海时间不满5年,5,B.沟通工具，实用即可,B.部分是,C.无所谓,B.认同,B.一般，可保留可取代,5,5,B.看情况,A.是,0,2,A.普通话,,,,,E.基本不用,1,1,,,,,E.几乎没有接触过,B.否,1,1,1,简体中文
46,2025/4/21 20:58,2025/4/21 21:00,90,B.女,B.大二,山西,大同,阳高,E.社科,A.985高校,C.否，来上海时间不满5年,C.否，来上海时间不满5年,7,A.地方语言，应予保护,B.部分是,C.无所谓,C.不太认同,A.重要，应重视,5,7,D.无所谓（请直接选择此项）,C.无所谓,1,1,C.其他方言,,,,,E.基本不用,1,4,A.上海话配音短视频,B.上海话电视剧/电影,,,,A.是,6,4,7,简体中文
45,2025/4/21 20:58,2025/4/21 20:59,70,A.男,A.大一,辽宁,锦州,沟帮子,A.文科,A.985高校,A.是，在上海出生并长大,A.是，在上海出生并长大,6,B.沟通工具，实用即可,B.部分是,A.非常支持,B.认同,B.一般，可保留可取代,9,9,A.愿意,A.是,9,9,D.外语,A.与家人交流,,,,,8,6,,,,D.上海话学习类内容,,A.是,8,8,6,简体中文
44,2025/4/21 20:56,2025/4/21 20:58,122,B.女,A.大一,广西,南宁,上林,C.工科,A.985高校,C.否，来上海时间不满5年,C.否，来上海时间不满5年,6,A.地方语言，应予保护,A.是的,C.无所谓,B.认同,A.重要，应重视,7,8,D.无所谓（请直接选择此项）,A.是,0,4,A.普通话,,,,,E.基本不用,1,1,,,,,E.几乎没有接触过,B.否,5,1,7,简体中文
43,2025/4/21 20:45,2025/4/21 20:58,773,A.男,A.大一,江苏,扬州,江苏,F.艺术类,D.高职高专,C.否，来上海时间不满5年,C.否，来上海时间不满5年,10,A.地方语言，应予保护,B.部分是,A.非常支持,A.非常认同,A.重要，应重视,10,10,B.看情况,A.是,4,5,A.普通话,,,,,E.基本不用,3,3,A.上海话配音短视频,B.上海话电视剧/电影,C.上海话广播/音频节目,,,A.是,9,2,5,简体中文
42,2025/4/21 20:57,2025/4/21 20:58,68,B.女,C.大三,辽宁,朝阳,双塔,C.工科,A.985高校,C.否，来上海时间不满5年,C.否，来上海时间不满5年,7,B.沟通工具，实用即可,B.部分是,B.支持,B.认同,C.不重要,4,3,B.看情况,B.否,2,2,A.普通话,,,,,E.基本不用,2,2,,,C.上海话广播/音频节目,D.上海话学习类内容,,B.否,6,5,4,简体中文
41,2025/4/21 20:52,2025/4/21 20:55,152,A.男,E.研究生,广西,玉林,博白,D.医科,A.985高校,B.否，但在上海生活超过5年,C.否，来上海时间不满5年,6,C.方言，逐渐消失是自然现象,B.部分是,C.无所谓,B.认同,B.一般，可保留可取代,5,5,D.无所谓（请直接选择此项）,C.无所谓,0,1,C.其他方言,,,,,E.基本不用,1,1,,,,,E.几乎没有接触过,B.否,5,1,3,简体中文
40,2025/4/21 20:53,2025/4/21 20:54,109,A.男,B.大二,云南,临沧,永德,C.工科,A.985高校,C.否，来上海时间不满5年,C.否，来上海时间不满5年,7,A.地方语言，应予保护,B.部分是,B.支持,B.认同,A.重要，应重视,6,7,D.无所谓（请直接选择此项）,A.是,1,2,C.其他方言,,,,,E.基本不用,1,1,,,C.上海话广播/音频节目,,,B.否,5,3,7,简体中文
39,2025/4/21 20:51,2025/4/21 20:53,119,B.女,A.大一,浙江,丽水,缙云,A.文科,A.985高校,C.否，来上海时间不满5年,C.否，来上海时间不满5年,5,C.方言，逐渐消失是自然现象,A.是的,C.无所谓,B.认同,B.一般，可保留可取代,7,7,A.愿意,A.是,1,3,C.其他方言,,,,,E.基本不用,1,2,,B.上海话电视剧/电影,,,,B.否,6,1,6,简体中文
38,2025/4/21 20:50,2025/4/21 20:52,121,A.男,B.大二,/,上海,浦东新,E.社科,A.985高校,A.是，在上海出生并长大,B.否，但在上海生活超过5年,8,A.地方语言，应予保护,B.部分是,C.无所谓,C.不太认同,B.一般，可保留可取代,6,8,D.无所谓（请直接选择此项）,B.否,3,7,A.普通话,A.与家人交流,,,,E.基本不用,1,1,,B.上海话电视剧/电影,,,,A.是,7,3,3,简体中文
37,2025/4/21 20:49,2025/4/21 20:52,134,A.男,C.大三,安徽,淮北,相山,B.理科,C.普通本科院校,C.否，来上海时间不满5年,C.否，来上海时间不满5年,7,B.沟通工具，实用即可,C.否,B.支持,C.不太认同,B.一般，可保留可取代,5,5,D.无所谓（请直接选择此项）,B.否,5,5,C.其他方言,,,,,E.基本不用,2,1,A.上海话配音短视频,,C.上海话广播/音频节目,,,A.是,5,2,6,简体中文
36,2025/4/21 20:50,2025/4/21 20:51,37,A.男,B.大二,辽宁,阜新,阜新,C.工科,B.211高校,C.否，来上海时间不满5年,B.否，但在上海生活超过5年,7,B.沟通工具，实用即可,B.部分是,C.无所谓,C.不太认同,C.不重要,8,7,B.看情况,A.是,8,9,A.普通话,,B.与朋友交流,,,,8,8,,B.上海话电视剧/电影,,,,A.是,9,8,8,简体中文
35,2025/4/21 20:49,2025/4/21 20:51,104,A.男,C.大三,上海,上海,浦东新,A.文科,A.985高校,A.是，在上海出生并长大,B.否，但在上海生活超过5年,10,A.地方语言，应予保护,B.部分是,A.非常支持,A.非常认同,A.重要，应重视,10,10,D.无所谓（请直接选择此项）,A.是,8,10,A.普通话,A.与家人交流,B.与朋友交流,,,,8,8,A.上海话配音短视频,B.上海话电视剧/电影,C.上海话广播/音频节目,D.上海话学习类内容,,A.是,10,2,8,简体中文
34,2025/4/21 20:47,2025/4/21 20:48,81,C.其他,E.研究生,,上海,青浦,B.理科,A.985高校,A.是，在上海出生并长大,A.是，在上海出生并长大,10,A.地方语言，应予保护,A.是的,A.非常支持,A.非常认同,A.重要，应重视,10,10,A.愿意,A.是,5,10,A.普通话,A.与家人交流,B.与朋友交流,,,,10,10,A.上海话配音短视频,B.上海话电视剧/电影,C.上海话广播/音频节目,,,B.否,1,1,10,简体中文
33,2025/4/21 20:41,2025/4/21 20:43,169,A.男,A.大一,安徽,滁州,定远,C.工科,A.985高校,C.否，来上海时间不满5年,C.否，来上海时间不满5年,7,A.地方语言，应予保护,B.部分是,A.非常支持,A.非常认同,A.重要，应重视,10,8,A.愿意,A.是,5,6,C.其他方言,,B.与朋友交流,,,,5,1,A.上海话配音短视频,,,D.上海话学习类内容,,A.是,10,1,10,简体中文
32,2025/4/21 20:40,2025/4/21 20:41,94,B.女,D.大四,上海,上海,奉贤,A.文科,C.普通本科院校,A.是，在上海出生并长大,A.是，在上海出生并长大,10,A.地方语言，应予保护,B.部分是,A.非常支持,B.认同,A.重要，应重视,8,9,A.愿意,A.是,2,7,A.普通话,,,,,E.基本不用,2,3,,,,,E.几乎没有接触过,A.是,10,6,2,简体中文
31,2025/4/21 20:37,2025/4/21 20:40,145,A.男,D.大四,,上海,奉贤,C.工科,C.普通本科院校,A.是，在上海出生并长大,A.是，在上海出生并长大,8,A.地方语言，应予保护,A.是的,D.反对,B.认同,A.重要，应重视,4,7,D.无所谓（请直接选择此项）,B.否,10,10,A.普通话,,,C.在本地社区或邻里间,D.在工作/兼职中,,4,3,A.上海话配音短视频,,,,,A.是,9,1,5,简体中文
30,2025/4/21 20:34,2025/4/21 20:36,131,B.女,D.大四,,上海市,闵行区,A.文科,C.普通本科院校,A.是，在上海出生并长大,A.是，在上海出生并长大,10,A.地方语言，应予保护,A.是的,A.非常支持,A.非常认同,A.重要，应重视,7,9,B.看情况,A.是,6,10,A.普通话,A.与家人交流,,,,,7,2,A.上海话配音短视频,B.上海话电视剧/电影,,D.上海话学习类内容,,A.是,8,1,7,简体中文
29,2025/4/21 20:26,2025/4/21 20:27,81,B.女,D.大四,上海,上海,奉贤,A.文科,C.普通本科院校,A.是，在上海出生并长大,A.是，在上海出生并长大,8,A.地方语言，应予保护,A.是的,B.支持,B.认同,A.重要，应重视,8,8,A.愿意,A.是,8,7,B.上海话,A.与家人交流,,,,,7,6,A.上海话配音短视频,,C.上海话广播/音频节目,,,B.否,6,7,6,简体中文
28,2025/4/21 20:25,2025/4/21 20:26,108,B.女,D.大四,,上海,奉贤,B.理科,C.普通本科院校,A.是，在上海出生并长大,A.是，在上海出生并长大,10,A.地方语言，应予保护,A.是的,A.非常支持,B.认同,A.重要，应重视,9,9,A.愿意,A.是,8,10,B.上海话,A.与家人交流,,,,,8,4,A.上海话配音短视频,B.上海话电视剧/电影,C.上海话广播/音频节目,,,A.是,9,2,4,简体中文
27,2025/4/21 20:22,2025/4/21 20:23,91,B.女,D.大四,,上海,宝山,A.文科,C.普通本科院校,A.是，在上海出生并长大,A.是，在上海出生并长大,9,A.地方语言，应予保护,B.部分是,B.支持,B.认同,B.一般，可保留可取代,7,8,A.愿意,A.是,5,9,A.普通话,A.与家人交流,,,,,3,1,A.上海话配音短视频,,,,,A.是,7,1,6,简体中文
26,2025/4/21 20:19,2025/4/21 20:21,134,B.女,D.大四,,上海,浦东新区,A.文科,C.普通本科院校,A.是，在上海出生并长大,A.是，在上海出生并长大,8,A.地方语言，应予保护,B.部分是,A.非常支持,A.非常认同,A.重要，应重视,7,10,D.无所谓（请直接选择此项）,A.是,5,8,A.普通话,A.与家人交流,B.与朋友交流,C.在本地社区或邻里间,D.在工作/兼职中,,8,7,A.上海话配音短视频,B.上海话电视剧/电影,C.上海话广播/音频节目,,,A.是,10,7,9,简体中文
25,2025/4/21 20:17,2025/4/21 20:19,135,B.女,D.大四,上海,上海,松江,A.文科,C.普通本科院校,A.是，在上海出生并长大,A.是，在上海出生并长大,8,A.地方语言，应予保护,C.否,D.反对,A.非常认同,C.不重要,5,10,A.愿意,B.否,6,7,A.普通话,A.与家人交流,,,,,7,4,A.上海话配音短视频,,,,,A.是,10,3,1,简体中文
24,2025/4/21 19:43,2025/4/21 19:46,176,B.女,E.研究生,四川,自贡,富顺,E.社科,A.985高校,C.否，来上海时间不满5年,C.否，来上海时间不满5年,5,A.地方语言，应予保护,B.部分是,B.支持,B.认同,A.重要，应重视,8,8,B.看情况,A.是,0,1,C.其他方言,,,,,E.基本不用,1,1,A.上海话配音短视频,,,,,B.否,5,1,6,简体中文
23,2025/4/21 18:50,2025/4/21 18:51,58,B.女,E.研究生,江苏省, 南通市,崇川区,E.社科,A.985高校,B.否，但在上海生活超过5年,B.否，但在上海生活超过5年,6,B.沟通工具，实用即可,C.否,C.无所谓,B.认同,B.一般，可保留可取代,5,8,C.不愿意,C.无所谓,3,6,A.普通话,,,C.在本地社区或邻里间,,,7,6,,,C.上海话广播/音频节目,,,B.否,6,6,6,简体中文
22,2025/4/21 18:46,2025/4/21 18:48,102,B.女,E.研究生,安徽,淮北,香山,D.医科,A.985高校,B.否，但在上海生活超过5年,C.否，来上海时间不满5年,4,B.沟通工具，实用即可,B.部分是,C.无所谓,D.完全不认同,C.不重要,5,4,D.无所谓（请直接选择此项）,B.否,1,3,C.其他方言,,,C.在本地社区或邻里间,,,4,3,,B.上海话电视剧/电影,,,,B.否,2,8,7,简体中文
21,2025/4/21 18:46,2025/4/21 18:47,53,B.女,C.大三,上海,上海,杨浦,C.工科,A.985高校,A.是，在上海出生并长大,A.是，在上海出生并长大,7,A.地方语言，应予保护,A.是的,A.非常支持,A.非常认同,A.重要，应重视,8,8,A.愿意,A.是,8,9,B.上海话,A.与家人交流,B.与朋友交流,,,,8,8,A.上海话配音短视频,B.上海话电视剧/电影,,,,A.是,8,3,9,简体中文
20,2025/4/21 18:44,2025/4/21 18:45,67,B.女,D.大四,福建,三明,宁化,C.工科,A.985高校,C.否，来上海时间不满5年,C.否，来上海时间不满5年,4,D.无所谓,A.是的,B.支持,B.认同,B.一般，可保留可取代,6,6,A.愿意,A.是,3,3,A.普通话,,,,,E.基本不用,1,1,,,,,E.几乎没有接触过,B.否,6,1,1,简体中文
19,2025/4/21 18:27,2025/4/21 18:28,103,B.女,B.大二,上海,上海,杨浦,A.文科,A.985高校,A.是，在上海出生并长大,B.否，但在上海生活超过5年,6,B.沟通工具，实用即可,B.部分是,B.支持,B.认同,B.一般，可保留可取代,7,4,D.无所谓（请直接选择此项）,C.无所谓,2,8,A.普通话,,,,,E.基本不用,2,1,,,,,E.几乎没有接触过,B.否,7,2,3,简体中文
18,2025/4/21 18:22,2025/4/21 18:24,115,A.男,D.大四,上海,上海,徐汇,D.医科,A.985高校,A.是，在上海出生并长大,A.是，在上海出生并长大,8,A.地方语言，应予保护,A.是的,C.无所谓,C.不太认同,B.一般，可保留可取代,8,10,D.无所谓（请直接选择此项）,A.是,10,10,B.上海话,A.与家人交流,,C.在本地社区或邻里间,,,4,3,,B.上海话电视剧/电影,C.上海话广播/音频节目,,,A.是,8,2,2,简体中文
17,2025/4/21 18:14,2025/4/21 18:17,174,A.男,D.大四,,上海,宝山,B.理科,C.普通本科院校,A.是，在上海出生并长大,B.否，但在上海生活超过5年,5,D.无所谓,B.部分是,C.无所谓,B.认同,D.难说,6,6,D.无所谓（请直接选择此项）,C.无所谓,7,9,A.普通话,,,,,E.基本不用,8,1,A.上海话配音短视频,B.上海话电视剧/电影,C.上海话广播/音频节目,D.上海话学习类内容,,B.否,8,3,5,简体中文
16,2025/4/21 18:14,2025/4/21 18:15,52,B.女,D.大四,上海,上海,浦东,A.文科,A.985高校,A.是，在上海出生并长大,B.否，但在上海生活超过5年,4,B.沟通工具，实用即可,B.部分是,C.无所谓,C.不太认同,B.一般，可保留可取代,4,4,C.不愿意,B.否,3,6,A.普通话,,,,D.在工作/兼职中,,4,4,A.上海话配音短视频,,,,,B.否,4,4,6,简体中文
15,2025/4/21 18:05,2025/4/21 18:14,548,B.女,E.研究生,湖北,襄阳,樊城,E.社科,A.985高校,C.否，来上海时间不满5年,C.否，来上海时间不满5年,5,A.地方语言，应予保护,B.部分是,B.支持,C.不太认同,B.一般，可保留可取代,5,5,B.看情况,A.是,5,4,A.普通话,,,,,E.基本不用,2,1,A.上海话配音短视频,B.上海话电视剧/电影,,,,A.是,5,7,5,简体中文
14,2025/4/21 17:56,2025/4/21 17:58,96,B.女,C.大三,上海,上海,浦东新区,A.文科,C.普通本科院校,B.否，但在上海生活超过5年,B.否，但在上海生活超过5年,9,A.地方语言，应予保护,B.部分是,C.无所谓,B.认同,B.一般，可保留可取代,7,7,C.不愿意,C.无所谓,3,7,A.普通话,,,,D.在工作/兼职中,,2,7,A.上海话配音短视频,,,,,B.否,5,1,3,简体中文
13,2025/4/21 17:51,2025/4/21 17:54,193,A.男,D.大四,,上海,宝山,A.文科,A.985高校,B.否，但在上海生活超过5年,B.否，但在上海生活超过5年,7,B.沟通工具，实用即可,B.部分是,C.无所谓,B.认同,B.一般，可保留可取代,6,7,D.无所谓（请直接选择此项）,C.无所谓,5,8,A.普通话,,,,,E.基本不用,3,2,A.上海话配音短视频,B.上海话电视剧/电影,C.上海话广播/音频节目,,,A.是,9,4,5,简体中文
12,2025/4/21 17:50,2025/4/21 17:52,130,B.女,E.研究生,湖南,郴州,资兴,G.其他,A.985高校,C.否，来上海时间不满5年,C.否，来上海时间不满5年,7,A.地方语言，应予保护,A.是的,C.无所谓,B.认同,B.一般，可保留可取代,7,3,D.无所谓（请直接选择此项）,C.无所谓,0,2,C.其他方言,,,,,E.基本不用,1,1,,B.上海话电视剧/电影,,,,B.否,6,3,7,简体中文
11,2025/4/21 17:49,2025/4/21 17:51,113,B.女,E.研究生,江苏,靖江,,E.社科,A.985高校,C.否，来上海时间不满5年,C.否，来上海时间不满5年,8,A.地方语言，应予保护,B.部分是,B.支持,B.认同,A.重要，应重视,8,5,B.看情况,A.是,1,7,A.普通话,,,,,E.基本不用,1,1,,,,D.上海话学习类内容,,A.是,8,4,8,简体中文
10,2025/4/21 17:48,2025/4/21 17:50,133,B.女,A.大一,江苏,南京,雨花,C.工科,A.985高校,B.否，但在上海生活超过5年,B.否，但在上海生活超过5年,5,D.无所谓,A.是的,D.反对,B.认同,D.难说,4,8,D.无所谓（请直接选择此项）,C.无所谓,5,3,A.普通话,,B.与朋友交流,C.在本地社区或邻里间,,,4,6,A.上海话配音短视频,,,,,A.是,7,8,7,简体中文
9,2025/4/21 17:48,2025/4/21 17:50,85,B.女,C.大三,河南,信阳,浉河,A.文科,A.985高校,C.否，来上海时间不满5年,C.否，来上海时间不满5年,3,D.无所谓,D.不清楚,C.无所谓,C.不太认同,D.难说,2,3,B.看情况,C.无所谓,1,1,A.普通话,,,,,E.基本不用,1,1,,,,,E.几乎没有接触过,A.是,6,2,2,简体中文
8,2025/4/21 17:48,2025/4/21 17:50,99,A.男,A.大一,浙江,金华,东阳,E.社科,A.985高校,C.否，来上海时间不满5年,C.否，来上海时间不满5年,7,A.地方语言，应予保护,A.是的,B.支持,B.认同,B.一般，可保留可取代,7,7,A.愿意,A.是,5,5,A.普通话,,,,,E.基本不用,1,1,A.上海话配音短视频,B.上海话电视剧/电影,,,,B.否,5,5,5,简体中文
7,2025/4/21 17:48,2025/4/21 17:49,104,B.女,E.研究生,山西,大同,平城,A.文科,A.985高校,B.否，但在上海生活超过5年,C.否，来上海时间不满5年,3,B.沟通工具，实用即可,B.部分是,C.无所谓,B.认同,B.一般，可保留可取代,4,3,B.看情况,C.无所谓,3,5,A.普通话,,,,,E.基本不用,2,1,A.上海话配音短视频,,,D.上海话学习类内容,,A.是,4,8,5,简体中文
6,2025/4/21 17:46,2025/4/21 17:48,136,B.女,E.研究生,,天津,河西,A.文科,A.985高校,C.否，来上海时间不满5年,C.否，来上海时间不满5年,3,A.地方语言，应予保护,C.否,C.无所谓,C.不太认同,B.一般，可保留可取代,5,5,C.不愿意,C.无所谓,0,1,A.普通话,,,,,E.基本不用,1,1,A.上海话配音短视频,,,,,B.否,5,1,1,简体中文
5,2025/4/21 17:46,2025/4/21 17:48,87,B.女,D.大四,海南,海口,龙华,B.理科,A.985高校,B.否，但在上海生活超过5年,C.否，来上海时间不满5年,4,B.沟通工具，实用即可,D.不清楚,D.反对,C.不太认同,B.一般，可保留可取代,3,3,D.无所谓（请直接选择此项）,B.否,2,2,C.其他方言,,,C.在本地社区或邻里间,,,1,1,A.上海话配音短视频,B.上海话电视剧/电影,,,,B.否,3,3,3,简体中文
4,2025/4/21 17:46,2025/4/21 17:48,74,A.男,C.大三,上海,上海,徐汇,B.理科,A.985高校,A.是，在上海出生并长大,B.否，但在上海生活超过5年,10,A.地方语言，应予保护,A.是的,A.非常支持,A.非常认同,B.一般，可保留可取代,10,10,A.愿意,A.是,7,9,A.普通话,,,C.在本地社区或邻里间,,,5,5,A.上海话配音短视频,B.上海话电视剧/电影,C.上海话广播/音频节目,,,A.是,10,10,1,简体中文
3,2025/4/21 17:43,2025/4/21 17:44,99,B.女,C.大三,上海,上海,浦东,B.理科,A.985高校,A.是，在上海出生并长大,A.是，在上海出生并长大,10,B.沟通工具，实用即可,A.是的,A.非常支持,B.认同,A.重要，应重视,10,10,A.愿意,A.是,10,10,A.普通话,A.与家人交流,B.与朋友交流,C.在本地社区或邻里间,,,7,7,A.上海话配音短视频,B.上海话电视剧/电影,C.上海话广播/音频节目,D.上海话学习类内容,,B.否,6,1,4,简体中文
2,2025/4/21 17:40,2025/4/21 17:42,71,A.男,C.大三,上海,上海,浦东新,C.工科,A.985高校,A.是，在上海出生并长大,A.是，在上海出生并长大,10,A.地方语言，应予保护,A.是的,A.非常支持,A.非常认同,A.重要，应重视,10,10,A.愿意,A.是,7,10,B.上海话,A.与家人交流,,C.在本地社区或邻里间,,,5,6,A.上海话配音短视频,B.上海话电视剧/电影,,,,A.是,10,1,1,简体中文
1,2025/4/21 17:39,2025/4/21 17:40,71,B.女,D.大四,上海,上海,奉贤,A.文科,A.985高校,A.是，在上海出生并长大,A.是，在上海出生并长大,10,A.地方语言，应予保护,B.部分是,A.非常支持,A.非常认同,A.重要，应重视,10,8,D.无所谓（请直接选择此项）,A.是,8,7,B.上海话,A.与家人交流,,,,,6,6,A.上海话配音短视频,B.上海话电视剧/电影,C.上海话广播/音频节目,D.上海话学习类内容,,A.是,8,4,8,简体中文